dataset,profile,rangeDps,sensitivity,windows,meanDeg,medianDeg,rmseDeg,maxDeg,terminalDriftDeg,errorGrowthDeg,measuredExcursionMaxDeg,predictedExcursionMaxDeg,transitionRmseDeg
011,primary,250,131,4,4.973633501326753,6.240094711775823,5.540280041419976,6.653941428835274,6.653941428835274,5.89353827591518,0.36420829271002036,6.826480480342051,3.0843237911928068
011,primary,500,65.5,4,10.062494700984782,12.749483500378842,11.275433754740888,13.475695283773398,13.475695283773398,12.200378764365352,0.36420829271002036,13.649796854021666,6.489572197551516
011,primary,1000,32.8,4,20.21305498838581,25.718672418522758,22.704742127299994,27.067718825624322,27.067718825624322,24.720562534750922,0.36420829271002036,27.243267407022422,13.271083906122408
011,primary,2000,16.4,4,40.50379837578522,51.6332809859032,45.54450882276999,54.22963400288282,54.22963400288282,49.71063647443115,0.36420829271002036,54.40793013503184,26.800820771731626
011,strict,250,131,0,,,,,,,,,
011,strict,500,65.5,0,,,,,,,,,
011,strict,1000,32.8,0,,,,,,,,,
011,strict,2000,16.4,0,,,,,,,,,
011,relaxed,250,131,22,5.024824799634543,6.106642108095916,5.391508223293781,6.888468455833947,6.888468455833947,6.103164658661294,0.9996762734719666,7.0062447644604475,0.4798162819957826
011,relaxed,500,65.5,22,10.032167414553754,12.216600786232076,10.814602937753525,13.88915235746309,13.88915235746309,12.600989822667183,0.9996762734719666,14.009190168980227,0.8967275271279269
011,relaxed,1000,32.8,22,20.018234791480452,24.584034914575803,21.628641725628345,27.838085605991203,27.838085605991203,25.503831019547395,0.9996762734719666,27.960284235783142,1.8842650496149964
011,relaxed,2000,16.4,22,39.9751518528421,49.29177328809604,43.23973890206402,55.71141174800465,55.71141174800465,51.256701527267694,0.9996762734719666,55.837723963834264,3.9255155890498603
012,primary,250,131,5,2.5765877567309663,3.737076967067508,2.995359428111508,3.873557379098523,3.8562094254297876,3.242198658403353,0.40911952859894074,3.9730413190295013,1.4626161647560436
012,primary,500,65.5,5,4.974539887751503,7.175959176863128,5.9163740924473505,7.828050363859479,7.828050363859479,6.897643194137716,0.40911952859894074,7.946699034898988,2.9979287334348332
012,primary,1000,32.8,5,9.756938744416237,14.035448068002582,11.750767991189786,15.750602365713565,15.750602365713565,14.19007827781033,0.40911952859894074,15.870898970064994,6.069180804149202
012,primary,2000,16.4,5,19.335412437574554,27.77950875148958,23.442620058802344,31.62105216565251,31.62105216565251,28.803148532996676,0.40911952859894074,31.743483664078873,12.228086530391394
012,strict,250,131,0,,,,,,,,,
012,strict,500,65.5,0,,,,,,,,,
012,strict,1000,32.8,0,,,,,,,,,
012,strict,2000,16.4,0,,,,,,,,,
012,relaxed,250,131,18,2.455867173441137,3.0732181680172275,2.819704995759375,3.9281017078734717,3.8483544032746306,3.2113152318543348,0.7054396825807747,4.015916980879235,0.278819981660693
012,relaxed,500,65.5,18,4.679903351284452,5.827354497727528,5.50316567745646,7.864077420782298,7.864077420782298,7.017538358729772,0.7054396825807747,8.03245572003711,0.556316977202656
012,relaxed,1000,32.8,18,9.117716736458364,11.088503884974092,10.869417253057762,15.872960030526306,15.872960030526306,14.609985122197173,0.7054396825807747,16.042165006268327,1.23261032426262
012,relaxed,2000,16.4,18,18.007134170403518,21.629261542570767,21.626360449023814,31.91568996548097,31.91568996548097,29.823679335067084,0.7054396825807747,32.08603411244773,2.629679674367879
013,primary,250,131,5,2.707158914256211,3.274035213309766,2.951427163550612,3.3814499873358277,3.3814499873358277,3.022916782957605,0.34729272759224517,3.334590380092518,1.4980293581313286
013,primary,500,65.5,5,5.307428513135734,6.453367458814149,5.848590498847341,6.719901174631009,6.719901174631009,6.32154007432002,0.34729272759224517,6.673356245046137,3.0351266456935773
013,primary,1000,32.8,5,10.512985366932242,12.75570608545561,11.639455713768507,13.387131917443044,13.387131917443044,12.852556808181092,0.34729272759224517,13.340911071145486,6.110177515697548
013,primary,2000,16.4,5,20.980267211596644,25.52469365556261,23.264602435146564,26.769927383837313,26.769927383837313,25.867940880010835,0.34729272759224517,26.724020732783423,12.281091560316785
013,strict,250,131,1,3.3642353463873174,3.3642353463873174,3.3642353463873174,3.3642353463873174,3.3642353463873174,0,0.0650915304627283,3.327410815882765,
013,strict,500,65.5,1,6.695429262262101,6.695429262262101,6.695429262262101,6.695429262262101,6.695429262262101,0,0.0650915304627283,6.658978216405096,
013,strict,1000,32.8,1,13.348219590448492,13.348219590448492,13.348219590448492,13.348219590448492,13.348219590448492,0,0.0650915304627283,13.312136416032809,
013,strict,2000,16.4,1,26.702061320393163,26.702061320393163,26.702061320393163,26.702061320393163,26.702061320393163,0,0.0650915304627283,26.666322118752465,
013,relaxed,250,131,16,2.2773032898090237,3.1035815628141075,2.6153769520807595,3.428347035052482,3.2375549902890404,3.109242851137239,0.551904771797217,3.36291947993757,0.33739180028001453
013,relaxed,500,65.5,16,4.443602762376248,6.28808570443149,5.17013180814452,6.7243515839056665,6.604679839668275,6.53224947264524,0.551904771797217,6.730069446907006,0.7002061034124192
013,relaxed,1000,32.8,16,8.801911092346563,12.584253567554917,10.283656036167756,13.343632331053705,13.32911797635239,13.143625157550277,0.551904771797217,13.454339865002698,1.479679384218931
013,relaxed,2000,16.4,16,17.57672607142815,25.20577229475304,20.552352330401124,26.826284938437546,26.826284938437546,26.280021526389962,0.551904771797217,26.95124743805105,3.0607448839702798
014,primary,250,131,6,0.9378316051339445,0.9846092271540134,0.943785456098403,1.049399383053927,1.049399383053927,0.04588626760145553,0.29424508460727705,1.2465250916002917,0.6544020793231453
014,primary,500,65.5,6,1.983518653226641,2.0642386449669914,2.007832083283833,2.29352093146923,2.29352093146923,0.11048475648375522,0.29424508460727705,2.492242113626568,1.3665441067390498
014,primary,1000,32.8,6,4.067529316750484,4.337056179697939,4.135339762291534,4.7738006888566895,4.7738006888566895,0.23954346450834407,0.29424508460727705,4.973374572830114,2.7993014722903937
014,primary,2000,16.4,6,8.223252580884951,8.880826929164812,8.3847752480273,9.730468434901782,9.730468434901782,0.49413962720092464,0.29424508460727705,9.930758067902724,5.665616718057102
014,strict,250,131,0,,,,,,,,,
014,strict,500,65.5,0,,,,,,,,,
014,strict,1000,32.8,0,,,,,,,,,
014,strict,2000,16.4,0,,,,,,,,,
014,relaxed,250,131,16,0.8056241027782653,0.8155230416926532,0.8344400690130551,1.0476321617996514,1.0456913169534725,0.009519111623173648,0.4290452283775177,1.240658532860931,0.23922576588971087
014,relaxed,500,65.5,16,1.6654005797331222,1.8465961015027004,1.7617375874027725,2.284968727718625,2.284968727718625,0.046599749697737725,0.4290452283775177,2.4804939968856887,0.48698417103316366
014,relaxed,1000,32.8,16,3.393320768873161,3.8640651807159636,3.6355257545937034,4.75399057944654,4.75399057944654,0.08994773237213138,0.4290452283775177,4.9498531044836245,1.0843515186087829
014,relaxed,2000,16.4,16,6.8640316528189445,7.893068590283359,7.382983166635609,9.687252294258798,9.687252294258798,0.15965008947818582,0.4290452283775177,9.883460645461911,2.3160120879842494
015,primary,250,131,7,6.192795927114103,7.942300320613571,6.904974959398637,8.405515733459064,8.249554418020578,6.906596561962331,0.31228261427474735,8.560403985439274,2.6260397436026004
015,primary,500,65.5,7,12.354630165564666,15.74027778235243,13.832751541598686,16.844754216580995,16.793467186869666,14.32265279746732,0.31228261427474735,17.10454430265666,5.2756481818027545
015,primary,1000,32.8,7,24.603056615396003,31.244546084076006,27.601228506908946,33.764170997386636,33.764170997386636,29.038610018353452,0.31228261427474735,34.07573007975446,10.541331418310728
015,primary,2000,16.4,7,48.88496866526274,62.02990531766496,54.88083087328665,67.33207902264725,67.33207902264725,58.08876292933803,0.31228261427474735,67.64436157297952,20.964242305078116
015,strict,250,131,4,6.4691097567212354,8.054099793663784,7.104972429505338,8.380676903468068,8.380676903468068,6.9931143673787615,0.2945784309923893,8.518223493824376,3.780280501671374
015,strict,500,65.5,4,12.90511878943638,16.11003213366428,14.236595673926441,16.881819921306803,16.881819921306803,14.363228952196643,0.2945784309923893,17.020208245407208,7.634239111914267
015,strict,1000,32.8,4,25.69667798585862,32.11953164014329,28.408900470379308,33.76734401814472,33.76734401814472,28.98703937314155,0.2945784309923893,33.9074950918441,15.29061427512492
015,strict,2000,16.4,4,51.04425757195267,63.849968970227906,56.47910247591795,67.16461571807271,67.16461571807271,57.85213908879058,0.2945784309923893,67.31011670841424,30.43160073783827
015,relaxed,250,131,17,6.092692167532609,8.005248355837606,6.841179528136527,8.564310407391982,8.239965564469284,7.272395725674107,0.6415098072256799,8.58757548741078,1.3712456157286739
015,relaxed,500,65.5,17,12.092910296924117,15.792021467465261,13.61971809201165,16.873347655253752,16.811419230341304,14.82864812884159,0.6415098072256799,17.158899410615433,2.801686808904515
015,relaxed,1000,32.8,17,24.02260154070372,31.27416313062931,27.09559188536966,33.83730049618416,33.83730049618416,29.826903892850204,0.6415098072256799,34.18431439305394,5.662102685822921
015,relaxed,2000,16.4,17,47.68635506805022,62.017687042472005,53.810598811134575,67.51679757717575,67.51679757717575,59.445157893577274,0.6415098072256799,67.86117452883921,11.351161255084868
016,primary,250,131,6,3.794752970514699,3.620253815126357,4.752119204643298,7.09486660927564,7.09486660927564,6.2422549418374995,0.45316703796473295,6.976351275078951,2.211650571807635
016,primary,500,65.5,6,7.336253331590176,6.8906433588143186,9.338863659584913,14.074921292646476,14.074921292646476,12.704601382597257,0.45316703796473295,13.956234915949594,4.533772648937489
016,primary,1000,32.8,6,14.416618277029528,13.42460408908574,18.497962622683414,27.99995144367427,27.99995144367427,25.55694874237677,0.45316703796473295,27.880834943086317,9.17977940718338
016,primary,2000,16.4,6,28.625430068523666,26.54455753309861,36.86254358310718,55.901041655859686,55.901041655859686,51.26758593079179,0.45316703796473295,55.78099304022512,18.5140124474068
016,strict,250,131,0,,,,,,,,,
016,strict,500,65.5,0,,,,,,,,,
016,strict,1000,32.8,0,,,,,,,,,
016,strict,2000,16.4,0,,,,,,,,,
016,relaxed,250,131,20,3.9533293178330573,3.8337405242801044,4.754856978626566,7.354869769739445,7.118247779094381,6.401592027506944,1.098904188356755,7.044140021497739,0.6034723773820616
016,relaxed,500,65.5,20,7.616697868147028,7.419459444812023,9.26759392962086,14.165993126466466,14.165993126466466,13.002831260770535,1.098904188356755,14.091821006499972,1.1980511795597688
016,relaxed,1000,32.8,20,14.934761611213588,14.573516024113873,18.280663346353343,28.225905313589738,28.225905313589738,26.150453521059134,1.098904188356755,28.15160233099665,2.4716500072181797
016,relaxed,2000,16.4,20,29.614197914567313,28.91089625139302,36.35259477600848,56.39688827920138,56.39688827920138,52.46573807764484,1.098904188356755,56.322330354963114,5.054760054765265
017,primary,250,131,8,2.9886876025051,2.7483000156398867,3.5390013521407786,5.16785677066063,5.16785677066063,4.10138661244821,0.28376832095149607,5.247962807463879,1.18190720618414
017,primary,500,65.5,8,5.875323706415778,5.247059609632393,7.05360230996845,10.421056499059832,10.421056499059832,8.500356814199055,0.28376832095149607,10.501175124284726,2.4093642826882125
017,primary,1000,32.8,8,11.640386212449648,10.237736450287567,14.073068558066192,20.907128176096,20.907128176096,17.276314750106977,0.28376832095149607,20.98726378580705,4.866349484740801
017,primary,2000,16.4,8,23.202670697928447,20.246048023631932,28.1493947282982,41.93359950412925,41.93359950412925,34.86760326083477,0.28376832095149607,42.01374953860837,9.794513896240169
017,strict,250,131,0,,,,,,,,,
017,strict,500,65.5,0,,,,,,,,,
017,strict,1000,32.8,0,,,,,,,,,
017,strict,2000,16.4,0,,,,,,,,,
017,relaxed,250,131,18,3.107611857964233,3.413399243410181,3.5590579478067976,5.256159713000356,5.256159713000356,4.2101232422874935,0.5775078009239861,5.272317471407382,0.386163199952448
017,relaxed,500,65.5,18,6.112682455016045,6.658064862200424,7.088021328902593,10.533935839948697,10.533935839948697,8.636028901435418,0.5775078009239861,10.549989280900139,0.8909244488824052
017,relaxed,1000,32.8,18,12.122472358552292,13.158252768691666,14.141395142881285,21.06928263097912,21.06928263097912,17.464727475438675,0.5775078009239861,21.08510268678958,1.920926442967199
017,relaxed,2000,16.4,18,24.17908365035821,26.20449030983501,28.2880631457287,42.19500043400994,42.19500043400994,35.16147601110666,0.5775078009239861,42.21045129527352,3.9890300671125063
018,primary,250,131,7,1.248504932565094,1.4180267136401057,1.4688724988306903,2.3849338911291844,2.3849338911291844,1.9499732521110804,0.2877826276065847,2.4914666886259837,0.5079592705925627
018,primary,500,65.5,7,2.5068923445791316,2.6952909045591187,2.993512433756926,4.8775290456671545,4.8775290456671545,4.047556490787237,0.2877826276065847,4.984627188374242,1.1366732723366777
018,primary,1000,32.8,7,5.02605581744528,5.239045080511749,6.039962197576318,9.849749916966301,9.849749916966301,8.201375157637894,0.2877826276065847,9.957019362438373,2.392267739788019
018,primary,2000,16.4,7,10.067861321934291,10.30853442718097,12.130761166440061,19.789206945369244,19.789206945369244,16.481446779285143,0.2877826276065847,19.89610798514348,4.869844231098151
018,strict,250,131,1,2.4126780330303004,2.4126780330303004,2.4126780330303004,2.4126780330303004,2.4126780330303004,0,0.1086665830733203,2.506498301873723,
018,strict,500,65.5,1,4.920580712293945,4.920580712293945,4.920580712293945,4.920580712293945,4.920580712293945,0,0.1086665830733203,5.0146904116877415,
018,strict,1000,32.8,1,9.922881826207,9.922881826207,9.922881826207,9.922881826207,9.922881826207,0,0.1086665830733203,10.017056973548783,
018,strict,2000,16.4,1,19.922337460219158,19.922337460219158,19.922337460219158,19.922337460219158,19.922337460219158,0,0.1086665830733203,20.01621444067893,
018,relaxed,250,131,18,1.4042964497527546,1.4822103559750608,1.5801842613918695,2.5056427755597794,2.5056427755597794,2.117655005192482,0.5327888362650202,2.5466572814230024,0.3167914724963054
018,relaxed,500,65.5,18,2.7858281241929386,3.0011134626817624,3.1742425447636395,5.053164244398645,5.053164244398645,4.259669903262961,0.5327888362650202,5.095008512029019,0.668123274621624
018,relaxed,1000,32.8,18,5.550362789783554,5.951586169386381,6.362790693797937,10.135334621806473,10.135334621806473,8.508141503300115,0.5327888362650202,10.177455707145477,1.412768052910391
018,relaxed,2000,16.4,18,11.082834509593042,11.838783103886119,12.73980564435159,20.29539605735056,20.29539605735056,16.982481094650502,0.5327888362650202,20.33708902636959,2.90154745269291
019,primary,250,131,5,2.871195274232348,4.044807137083943,3.2462490906787322,4.196868088897865,4.196868088897865,3.207775360351213,0.33529705507228125,4.3212789980074096,1.473310455075176
019,primary,500,65.5,5,5.660447587835936,7.939507688286188,6.43898163963493,8.53830670037551,8.53830670037551,6.694634471076597,0.33529705507228125,8.66278006920678,3.0203813768310166
019,primary,1000,32.8,5,11.263771029628169,15.672980120592566,12.848464121660935,17.251546313918677,17.251546313918677,13.662175647728525,0.33529705507228125,17.372303198248698,6.144632249371711
019,primary,2000,16.4,5,22.586058010295904,31.266092848774196,25.80373197661254,34.87166356091754,34.87166356091754,27.754988420842277,0.33529705507228125,34.98395024138919,12.495014849173488
019,strict,250,131,1,4.069890024791121,4.069890024791121,4.069890024791121,4.069890024791121,4.069890024791121,0,0.34933650229222046,3.8416725488101884,
019,strict,500,65.5,1,7.922648034013854,7.922648034013854,7.922648034013854,7.922648034013854,7.922648034013854,0,0.34933650229222046,7.69597118992435,
019,strict,1000,32.8,1,15.643881690012147,15.643881690012147,15.643881690012147,15.643881690012147,15.643881690012147,0,0.34933650229222046,15.4139667026662,
019,strict,2000,16.4,1,31.212634465015,31.212634465015,31.212634465015,31.212634465015,31.212634465015,0,0.34933650229222046,30.97388675902839,
019,relaxed,250,131,18,2.7941495427801124,3.9731258239686706,3.1722723700548032,4.361286120836206,4.2079285815994165,3.2083219716099745,0.723964036047389,4.41322386849331,0.4560880959808874
019,relaxed,500,65.5,18,5.420202724770971,7.616885620460119,6.232330168388641,8.64222228645532,8.64222228645532,6.841007949264144,0.723964036047389,8.846851712135347,0.9952841098336508
019,relaxed,1000,32.8,18,10.706148559192288,14.884621894574968,12.384847247617591,17.53780636232315,17.53780636232315,14.079735944472965,0.723964036047389,17.74041457558207,2.127226312288176
019,relaxed,2000,16.4,18,21.399277825941393,29.41222692707848,24.820670777407702,35.52265387988795,35.52265387988795,28.70537885318108,0.723964036047389,35.72108310444468,4.406360781430841
020,primary,250,131,11,1.8849128186069797,2.530902884574499,2.1853674014678273,2.740229155592947,2.6396254252103724,2.592298766637599,0.4005523928321607,2.713053753363552,0.6537569500241116
020,primary,500,65.5,11,3.693371532168507,4.927813304978264,4.284556660629723,5.373584251751743,5.35412800407091,5.075588643831018,0.4005523928321607,5.427986164304828,1.3711616127167268
020,primary,1000,32.8,11,7.394677368363016,9.71002318081926,8.482305441481001,10.771388859203165,10.771388859203165,9.864035028011648,0.4005523928321607,10.845292727556865,2.8060026631275456
020,primary,2000,16.4,11,14.802334151980677,19.288337205828604,16.894227608047206,21.62671643482053,21.62671643482053,19.481880602785207,0.4005523928321607,21.700269979299623,5.671443466043752
020,strict,250,131,3,2.582768584655408,2.6165372613719766,2.5847721227190465,2.68702385215976,2.68702385215976,0.2422792117252741,0.4489175530250203,2.7172795420135096,0.13378083253229703
020,strict,500,65.5,3,5.053537024916864,5.277931086831621,5.070245391392413,5.406058488134897,5.406058488134897,0.9294369883508224,0.4489175530250203,5.43643516712358,0.5977971475317244
020,strict,1000,32.8,3,9.98512481227666,10.590044876221208,10.038228757561354,10.831808981769612,10.831808981769612,2.2982884029304564,0.4489175530250203,10.86215374780588,1.5215414572227977
020,strict,2000,16.4,3,19.862778220841367,21.234433202212646,19.99318347292261,21.703818763212258,21.703818763212258,5.0537360661130535,0.4489175530250203,21.73393799356276,3.3573506923456993
020,relaxed,250,131,23,1.8525344071498018,2.4793002597276654,2.1311747795994704,2.7123042818178678,2.6284006137556934,2.5399125809942515,0.5881566988998634,2.731017210428629,0.34931271685823806
020,relaxed,500,65.5,23,3.556723480487771,4.498163355352459,4.109591432859936,5.411997217505779,5.360694764429207,5.034470473516436,0.5881566988998634,5.46391791210981,0.751813262507404
020,relaxed,1000,32.8,23,7.043391262410201,8.64236964510611,8.073715925238497,10.813701806503806,10.813701806503806,9.799586694512525,0.5881566988998634,10.917068607651665,1.5690546806239123
020,relaxed,2000,16.4,23,14.030143828603007,17.054819416065335,16.022202230922712,21.740844101263278,21.740844101263278,19.36010688569729,0.5881566988998634,21.843932107469243,3.197294284045628
