"dataset","position","candidate","localIdentity","source","witness","candidatePool","bootstrap","promotionEvaluatedA","promotionEvaluatedC","promotionClassA","promotionClassC","promotionScoresA","promotionScoresC","availableA","consideredA","reconstructionA","segmentA","availableC","consideredC","directValidityA","directValidityC","repairsA","repairsC","reconstructionC","segmentC","unionSegmentCount","reachesDInput","DPathCount","inBestGenerated","inFinalWinner","FIRST_LOSS_STAGE","category","EXACT_REASON"
"007","0","B169","BOTTOM:169","BOTH","true","true","true","false","false","Ac","Ac","[{""cycle"":1,""score"":null,""rank"":null},{""cycle"":2,""score"":null,""rank"":null},{""cycle"":3,""score"":null,""rank"":null},{""cycle"":4,""score"":null,""rank"":null},{""cycle"":5,""score"":null,""rank"":null}]","[{""cycle"":1,""score"":null,""rank"":null},{""cycle"":2,""score"":null,""rank"":null},{""cycle"":3,""score"":null,""rank"":null},{""cycle"":4,""score"":null,""rank"":null},{""cycle"":5,""score"":null,""rank"":null}]","true","14","2649","0","true","85","[[1,null],[2,null],[3,null],[4,null],[5,null]]","[[1,null],[2,null],[3,null],[4,null],[5,null]]","non exécuté","non exécuté","3402","0","0","true","200001","true","true","NONE","null","Present in final winner."
"007","1","T199","TOP:199","ORACLE_INJECTED","true","true","false","true","true","P","P","[{""cycle"":1,""score"":-0.41638225255972666,""rank"":2},{""cycle"":2,""score"":-0.4163822525597319,""rank"":2},{""cycle"":3,""score"":-0.4256585881410075,""rank"":2},{""cycle"":4,""score"":0.41568672230291576,""rank"":1},{""cycle"":5,""score"":-0.12048434608316205,""rank"":2}]","[{""cycle"":1,""score"":-0.41638225255972666,""rank"":2},{""cycle"":2,""score"":-0.4163822525597319,""rank"":2},{""cycle"":3,""score"":-0.4256585881410075,""rank"":2},{""cycle"":4,""score"":0.56400968215089,""rank"":1},{""cycle"":5,""score"":0.5119824441261347,""rank"":1}]","true","27","145","29","true","123","[[1,true],[2,true],[3,true],[4,true],[5,true]]","[[1,true],[2,true],[3,true],[4,true],[5,true]]","non exécuté","non exécuté","309","72","77","true","71828","true","true","NONE","null","Present in final winner."
"007","2","B262","BOTTOM:262","ORACLE_INJECTED","true","true","false","true","true","R+Q","R+Q","[{""cycle"":1,""score"":0.37077967389403776,""rank"":12},{""cycle"":2,""score"":null,""rank"":null},{""cycle"":3,""score"":null,""rank"":null},{""cycle"":4,""score"":null,""rank"":null},{""cycle"":5,""score"":null,""rank"":null}]","[{""cycle"":1,""score"":0.37077967389403776,""rank"":12},{""cycle"":2,""score"":null,""rank"":null},{""cycle"":3,""score"":null,""rank"":null},{""cycle"":4,""score"":null,""rank"":null},{""cycle"":5,""score"":null,""rank"":null}]","true","14","4","4","true","36","[[1,true],[2,false],[3,false],[4,false],[5,false]]","[[1,true],[2,false],[3,false],[4,false],[5,false]]","c2:0; c3:0; c4:0; c5:4","c2:0; c3:0; c4:4; c5:4","56","12","12","true","0","false","false","UNKNOWN","NOT_COMPOSED_BY_D","12 exported B262 segments stop at slot 3. Bootstrap slot 4=B299 gives 299-262=37<45. No earlier compatible segment can change slot 4. Ordered composition + intermediate validity excludes B262 even without the guard. Earliest irreversible instruction between final reconstruction/extraction/D admission is not established; FIRST_LOSS remains UNKNOWN, not LOW_RANK or D_GUARD."
"007","3","T291","TOP:291","BOTH","true","true","true","true","true","Ac+P+R","Ac+R+P","[{""cycle"":1,""score"":null,""rank"":null},{""cycle"":2,""score"":null,""rank"":null},{""cycle"":3,""score"":null,""rank"":null},{""cycle"":4,""score"":null,""rank"":null},{""cycle"":5,""score"":-0.14383121923868847,""rank"":3}]","[{""cycle"":1,""score"":null,""rank"":null},{""cycle"":2,""score"":null,""rank"":null},{""cycle"":3,""score"":null,""rank"":null},{""cycle"":4,""score"":-0.14514842927110605,""rank"":4},{""cycle"":5,""score"":0.10137741262918287,""rank"":3}]","true","247","708","109","true","291","[[1,null],[2,null],[3,null],[4,null],[5,true]]","[[1,null],[2,null],[3,null],[4,true],[5,true]]","non exécuté","non exécuté","415","97","151","true","92135","true","true","NONE","null","Present in final winner."
"007","4","B353","BOTTOM:353","ORACLE_INJECTED","true","true","false","true","true","P+R+Ac","P+R+Ac","[{""cycle"":1,""score"":null,""rank"":null},{""cycle"":2,""score"":0.7515916133364602,""rank"":3},{""cycle"":3,""score"":null,""rank"":null},{""cycle"":4,""score"":1.3569485171881355,""rank"":1},{""cycle"":5,""score"":null,""rank"":null}]","[{""cycle"":1,""score"":null,""rank"":null},{""cycle"":2,""score"":0.7515916133364602,""rank"":3},{""cycle"":3,""score"":null,""rank"":null},{""cycle"":4,""score"":null,""rank"":null},{""cycle"":5,""score"":null,""rank"":null}]","true","534","1071","88","true","1006","[[1,null],[2,true],[3,false],[4,true],[5,null]]","[[1,null],[2,true],[3,false],[4,null],[5,null]]","c3:0","c3:0","1606","91","158","true","54796","true","false","FINAL_WINNER_SELECTION","OTHER","Present in generated D paths until final ranking; not selected in the final winner. No irreversible search loss."
"007","5","T383","TOP:383","ORACLE_INJECTED","true","true","false","true","true","P+R+Ac","P+R","[{""cycle"":1,""score"":null,""rank"":null},{""cycle"":2,""score"":null,""rank"":null},{""cycle"":3,""score"":0.5685157814492106,""rank"":3},{""cycle"":4,""score"":1.2418377734940265,""rank"":1},{""cycle"":5,""score"":null,""rank"":null}]","[{""cycle"":1,""score"":null,""rank"":null},{""cycle"":2,""score"":null,""rank"":null},{""cycle"":3,""score"":0.5685157814492106,""rank"":3},{""cycle"":4,""score"":1.5129443729589893,""rank"":1},{""cycle"":5,""score"":1.5361962240228455,""rank"":1}]","true","812","1109","88","true","871","[[1,null],[2,null],[3,true],[4,true],[5,null]]","[[1,null],[2,null],[3,true],[4,true],[5,true]]","non exécuté","non exécuté","425","71","117","true","39730","true","true","NONE","null","Present in final winner."
"007","6","B445","BOTTOM:445","ORACLE_INJECTED","true","true","false","true","true","R+P+Ac","R+P","[{""cycle"":1,""score"":null,""rank"":null},{""cycle"":2,""score"":null,""rank"":null},{""cycle"":3,""score"":0.7738383196555898,""rank"":4},{""cycle"":4,""score"":0.1337448559670782,""rank"":1},{""cycle"":5,""score"":null,""rank"":null}]","[{""cycle"":1,""score"":null,""rank"":null},{""cycle"":2,""score"":null,""rank"":null},{""cycle"":3,""score"":0.7738383196555898,""rank"":4},{""cycle"":4,""score"":1.4670781893004115,""rank"":1},{""cycle"":5,""score"":1.2777777777777777,""rank"":1}]","true","773","1299","68","true","699","[[1,null],[2,null],[3,true],[4,true],[5,null]]","[[1,null],[2,null],[3,true],[4,true],[5,true]]","non exécuté","non exécuté","475","129","150","true","58818","true","false","FINAL_WINNER_SELECTION","OTHER","Present in generated D paths until final ranking; not selected in the final winner. No irreversible search loss."
"007","7","T474","TOP:474","ORACLE_INJECTED","true","true","false","true","true","P","P","[{""cycle"":1,""score"":null,""rank"":null},{""cycle"":2,""score"":null,""rank"":null},{""cycle"":3,""score"":null,""rank"":null},{""cycle"":4,""score"":1.3004115226337447,""rank"":1},{""cycle"":5,""score"":-0.03292181069958844,""rank"":1}]","[{""cycle"":1,""score"":null,""rank"":null},{""cycle"":2,""score"":null,""rank"":null},{""cycle"":3,""score"":null,""rank"":null},{""cycle"":4,""score"":1.3333333333333333,""rank"":1},{""cycle"":5,""score"":1.3333333333333333,""rank"":1}]","true","630","307","126","true","546","[[1,null],[2,null],[3,null],[4,true],[5,true]]","[[1,null],[2,null],[3,null],[4,true],[5,true]]","non exécuté","non exécuté","210","103","169","true","97360","true","false","FINAL_WINNER_SELECTION","OTHER","Present in generated D paths until final ranking; not selected in the final winner. No irreversible search loss."
"007","8","B529","BOTTOM:529","ORACLE_INJECTED","true","true","false","true","true","P+R","P+R","[{""cycle"":1,""score"":null,""rank"":null},{""cycle"":2,""score"":null,""rank"":null},{""cycle"":3,""score"":null,""rank"":null},{""cycle"":4,""score"":1.0835607602715442,""rank"":2},{""cycle"":5,""score"":null,""rank"":null}]","[{""cycle"":1,""score"":null,""rank"":null},{""cycle"":2,""score"":null,""rank"":null},{""cycle"":3,""score"":null,""rank"":null},{""cycle"":4,""score"":1.4676708415535327,""rank"":2},{""cycle"":5,""score"":null,""rank"":null}]","true","190","9","6","true","157","[[1,null],[2,null],[3,null],[4,true],[5,false]]","[[1,null],[2,null],[3,null],[4,true],[5,false]]","c5:0","c5:0","32","29","29","true","39384","true","false","FINAL_WINNER_SELECTION","OTHER","Present in generated D paths until final ranking; not selected in the final winner. No irreversible search loss."
"007","9","T558","TOP:558","ORACLE_INJECTED","true","true","false","true","true","Q","Q","[{""cycle"":1,""score"":null,""rank"":null},{""cycle"":2,""score"":null,""rank"":null},{""cycle"":3,""score"":null,""rank"":null},{""cycle"":4,""score"":null,""rank"":null},{""cycle"":5,""score"":null,""rank"":null}]","[{""cycle"":1,""score"":null,""rank"":null},{""cycle"":2,""score"":null,""rank"":null},{""cycle"":3,""score"":null,""rank"":null},{""cycle"":4,""score"":null,""rank"":null},{""cycle"":5,""score"":null,""rank"":null}]","true","5","5","5","true","10","[[1,null],[2,null],[3,null],[4,null],[5,false]]","[[1,null],[2,null],[3,null],[4,null],[5,false]]","c5:5","c5:5","35","28","28","true","37800","true","false","FINAL_WINNER_SELECTION","OTHER","Present in generated D paths until final ranking; not selected in the final winner. No irreversible search loss."
"007","10","B611","BOTTOM:611","ORACLE_INJECTED","true","true","false","true","true","P+R","P+R","[{""cycle"":1,""score"":null,""rank"":null},{""cycle"":2,""score"":null,""rank"":null},{""cycle"":3,""score"":null,""rank"":null},{""cycle"":4,""score"":null,""rank"":null},{""cycle"":5,""score"":0.42182200985728546,""rank"":3}]","[{""cycle"":1,""score"":null,""rank"":null},{""cycle"":2,""score"":null,""rank"":null},{""cycle"":3,""score"":null,""rank"":null},{""cycle"":4,""score"":null,""rank"":null},{""cycle"":5,""score"":0.547031297092336,""rank"":2}]","true","55","34","21","true","58","[[1,null],[2,null],[3,null],[4,null],[5,true]]","[[1,null],[2,null],[3,null],[4,null],[5,true]]","non exécuté","non exécuté","43","28","34","true","45792","true","true","NONE","null","Present in final winner."
"009","0","B190","BOTTOM:16","ORACLE_INJECTED","true","true","false","true","true","P+R","P+R","[{""cycle"":1,""score"":1.204374435562492,""rank"":1},{""cycle"":2,""score"":1.204374435562494,""rank"":1},{""cycle"":3,""score"":1.2398490187476718,""rank"":1},{""cycle"":4,""score"":2.1529159349932514,""rank"":1},{""cycle"":5,""score"":1.8540335881034642,""rank"":2}]","[{""cycle"":1,""score"":1.204374435562492,""rank"":1},{""cycle"":2,""score"":1.204374435562494,""rank"":1},{""cycle"":3,""score"":1.2398490187476718,""rank"":1},{""cycle"":4,""score"":2.1136388273079607,""rank"":1},{""cycle"":5,""score"":1.434677093002989,""rank"":1}]","true","18","542","88","true","128","[[1,true],[2,true],[3,true],[4,true],[5,true]]","[[1,true],[2,true],[3,true],[4,true],[5,true]]","non exécuté","non exécuté","617","100","100","true","43889","true","false","FINAL_WINNER_SELECTION","OTHER","Present in generated D paths until final ranking; not selected in the final winner. No irreversible search loss."
"009","0","B191","BOTTOM:17","ORACLE_INJECTED","false","true","false","true","true","P+R","P+R","[{""cycle"":1,""score"":1.1131233066874757,""rank"":2},{""cycle"":2,""score"":1.113123306687482,""rank"":2},{""cycle"":3,""score"":1.1484384674008887,""rank"":2},{""cycle"":4,""score"":1.8897350266352948,""rank"":2},{""cycle"":5,""score"":2.383617220880306,""rank"":1}]","[{""cycle"":1,""score"":1.1131233066874757,""rank"":2},{""cycle"":2,""score"":1.113123306687482,""rank"":2},{""cycle"":3,""score"":1.1484384674008887,""rank"":2},{""cycle"":4,""score"":1.8433693524292956,""rank"":2},{""cycle"":5,""score"":1.06538114318339,""rank"":2}]","true","18","542","88","true","128","[[1,true],[2,true],[3,true],[4,true],[5,true]]","[[1,true],[2,true],[3,true],[4,true],[5,true]]","non exécuté","non exécuté","589","96","96","true","24457","false","false","FINAL_WINNER_SELECTION","OTHER","Present in generated D paths until final ranking; not selected in the final winner. No irreversible search loss."
"009","1","T218","TOP:44","ORACLE_INJECTED","true","true","false","true","true","P","P","[{""cycle"":1,""score"":0.5951847704367301,""rank"":2},{""cycle"":2,""score"":0.5951847704367301,""rank"":2},{""cycle"":3,""score"":0.5951847704367301,""rank"":1},{""cycle"":4,""score"":0.37140095993659805,""rank"":2},{""cycle"":5,""score"":0.4102837112207609,""rank"":2}]","[{""cycle"":1,""score"":0.5951847704367301,""rank"":2},{""cycle"":2,""score"":0.5951847704367301,""rank"":2},{""cycle"":3,""score"":0.5951847704367301,""rank"":1},{""cycle"":4,""score"":0.09305996332843197,""rank"":2},{""cycle"":5,""score"":0.29912802186882825,""rank"":2}]","true","55","625","90","true","138","[[1,true],[2,true],[3,true],[4,true],[5,true]]","[[1,true],[2,true],[3,true],[4,true],[5,true]]","non exécuté","non exécuté","717","101","101","true","15356","true","false","FINAL_WINNER_SELECTION","OTHER","Present in generated D paths until final ranking; not selected in the final winner. No irreversible search loss."
"009","1","T219","TOP:45","ORACLE_INJECTED","false","true","false","true","true","P+Ac","P+Ac","[{""cycle"":1,""score"":0.8185890257558791,""rank"":1},{""cycle"":2,""score"":0.8185890257558791,""rank"":1},{""cycle"":3,""score"":null,""rank"":null},{""cycle"":4,""score"":null,""rank"":null},{""cycle"":5,""score"":null,""rank"":null}]","[{""cycle"":1,""score"":0.8185890257558791,""rank"":1},{""cycle"":2,""score"":0.8185890257558791,""rank"":1},{""cycle"":3,""score"":null,""rank"":null},{""cycle"":4,""score"":null,""rank"":null},{""cycle"":5,""score"":null,""rank"":null}]","true","91","3964","54","true","240","[[1,true],[2,true],[3,null],[4,null],[5,null]]","[[1,true],[2,true],[3,null],[4,null],[5,null]]","non exécuté","non exécuté","3943","79","79","true","10817","false","true","NONE","null","Present in final winner."
"009","2","B270","BOTTOM:96","ORACLE_INJECTED","true","true","false","true","true","P+R","P+R","[{""cycle"":1,""score"":0.8525589444692795,""rank"":10},{""cycle"":2,""score"":0.8201743979653415,""rank"":3},{""cycle"":3,""score"":0.7944109006401289,""rank"":2},{""cycle"":4,""score"":1.6391052621475677,""rank"":2},{""cycle"":5,""score"":1.00749525236711,""rank"":2}]","[{""cycle"":1,""score"":0.8525589444692795,""rank"":10},{""cycle"":2,""score"":0.8201743979653415,""rank"":3},{""cycle"":3,""score"":0.7944109006401289,""rank"":2},{""cycle"":4,""score"":1.55565055312826,""rank"":1},{""cycle"":5,""score"":0.8726914292132371,""rank"":2}]","true","233","852","122","true","261","[[1,true],[2,true],[3,true],[4,true],[5,true]]","[[1,true],[2,true],[3,true],[4,true],[5,true]]","non exécuté","non exécuté","1012","142","148","true","19195","true","false","FINAL_WINNER_SELECTION","OTHER","Present in generated D paths until final ranking; not selected in the final winner. No irreversible search loss."
"009","2","B271","BOTTOM:97","ORACLE_INJECTED","false","true","false","true","true","P+R","P+R","[{""cycle"":1,""score"":0.8722001044435348,""rank"":9},{""cycle"":2,""score"":0.8440299325949852,""rank"":2},{""cycle"":3,""score"":0.8110281087055407,""rank"":1},{""cycle"":4,""score"":1.6503403323191321,""rank"":1},{""cycle"":5,""score"":1.1224695532563933,""rank"":1}]","[{""cycle"":1,""score"":0.8722001044435348,""rank"":9},{""cycle"":2,""score"":0.8440299325949852,""rank"":2},{""cycle"":3,""score"":0.8110281087055407,""rank"":1},{""cycle"":4,""score"":1.547211084224733,""rank"":2},{""cycle"":5,""score"":1.0517186622037926,""rank"":1}]","true","230","849","121","true","253","[[1,true],[2,true],[3,true],[4,true],[5,true]]","[[1,true],[2,true],[3,true],[4,true],[5,true]]","non exécuté","non exécuté","989","136","142","true","17194","false","false","FINAL_WINNER_SELECTION","OTHER","Present in generated D paths until final ranking; not selected in the final winner. No irreversible search loss."
"009","2","B272","BOTTOM:98","ORACLE_INJECTED","false","true","false","true","true","P+R+Ac","P+R+Ac","[{""cycle"":1,""score"":0.884457714535447,""rank"":8},{""cycle"":2,""score"":0.8547874428031648,""rank"":1},{""cycle"":3,""score"":null,""rank"":null},{""cycle"":4,""score"":null,""rank"":null},{""cycle"":5,""score"":null,""rank"":null}]","[{""cycle"":1,""score"":0.884457714535447,""rank"":8},{""cycle"":2,""score"":0.8547874428031648,""rank"":1},{""cycle"":3,""score"":null,""rank"":null},{""cycle"":4,""score"":null,""rank"":null},{""cycle"":5,""score"":null,""rank"":null}]","true","419","3235","74","true","457","[[1,true],[2,true],[3,null],[4,null],[5,null]]","[[1,true],[2,true],[3,null],[4,null],[5,null]]","non exécuté","non exécuté","2985","88","88","true","11917","false","false","FINAL_WINNER_SELECTION","OTHER","Present in generated D paths until final ranking; not selected in the final winner. No irreversible search loss."
"009","3","T277","TOP:103","ORACLE_INJECTED","false","true","false","true","true","Q","Q","[{""cycle"":1,""score"":null,""rank"":null},{""cycle"":2,""score"":null,""rank"":null},{""cycle"":3,""score"":null,""rank"":null},{""cycle"":4,""score"":null,""rank"":null},{""cycle"":5,""score"":null,""rank"":null}]","[{""cycle"":1,""score"":null,""rank"":null},{""cycle"":2,""score"":null,""rank"":null},{""cycle"":3,""score"":null,""rank"":null},{""cycle"":4,""score"":null,""rank"":null},{""cycle"":5,""score"":null,""rank"":null}]","true","3","3","1","true","8","[[1,null],[2,false],[3,false],[4,false],[5,false]]","[[1,null],[2,false],[3,false],[4,false],[5,false]]","c2:1; c3:1; c4:1; c5:1","c2:1; c3:1; c4:1; c5:1","28","8","8","true","1639","false","false","FINAL_WINNER_SELECTION","OTHER","Present in generated D paths until final ranking; not selected in the final winner. No irreversible search loss."
"009","3","T278","TOP:104","ORACLE_INJECTED","true","true","false","true","true","Q","Q","[{""cycle"":1,""score"":null,""rank"":null},{""cycle"":2,""score"":null,""rank"":null},{""cycle"":3,""score"":null,""rank"":null},{""cycle"":4,""score"":null,""rank"":null},{""cycle"":5,""score"":null,""rank"":null}]","[{""cycle"":1,""score"":null,""rank"":null},{""cycle"":2,""score"":null,""rank"":null},{""cycle"":3,""score"":null,""rank"":null},{""cycle"":4,""score"":null,""rank"":null},{""cycle"":5,""score"":null,""rank"":null}]","true","6","6","2","true","16","[[1,null],[2,false],[3,false],[4,false],[5,false]]","[[1,null],[2,false],[3,false],[4,false],[5,false]]","c2:2; c3:2; c4:2; c5:2","c2:2; c3:2; c4:2; c5:2","56","15","15","true","3406","false","false","FINAL_WINNER_SELECTION","OTHER","Present in generated D paths until final ranking; not selected in the final winner. No irreversible search loss."
"009","4","B348","BOTTOM:174","ORACLE_INJECTED","true","true","false","true","true","P+Ac","P+Ac","[{""cycle"":1,""score"":null,""rank"":null},{""cycle"":2,""score"":1.0375328619173,""rank"":1},{""cycle"":3,""score"":null,""rank"":null},{""cycle"":4,""score"":null,""rank"":null},{""cycle"":5,""score"":null,""rank"":null}]","[{""cycle"":1,""score"":null,""rank"":null},{""cycle"":2,""score"":1.0375328619173,""rank"":1},{""cycle"":3,""score"":null,""rank"":null},{""cycle"":4,""score"":null,""rank"":null},{""cycle"":5,""score"":null,""rank"":null}]","true","1968","4562","113","true","2046","[[1,null],[2,true],[3,null],[4,null],[5,null]]","[[1,null],[2,true],[3,null],[4,null],[5,null]]","non exécuté","non exécuté","4325","112","138","true","24477","true","false","FINAL_WINNER_SELECTION","OTHER","Present in generated D paths until final ranking; not selected in the final winner. No irreversible search loss."
"009","5","T373","TOP:199","ORACLE_INJECTED","true","true","false","true","true","P+R","P+R","[{""cycle"":1,""score"":null,""rank"":null},{""cycle"":2,""score"":null,""rank"":null},{""cycle"":3,""score"":0.3718308893803422,""rank"":3},{""cycle"":4,""score"":0.5885077734596958,""rank"":1},{""cycle"":5,""score"":0.6407385310773517,""rank"":1}]","[{""cycle"":1,""score"":null,""rank"":null},{""cycle"":2,""score"":null,""rank"":null},{""cycle"":3,""score"":0.3718308893803422,""rank"":3},{""cycle"":4,""score"":0.24272760959445247,""rank"":4},{""cycle"":5,""score"":0.2913314917183224,""rank"":3}]","true","827","496","66","true","847","[[1,null],[2,null],[3,true],[4,true],[5,true]]","[[1,null],[2,null],[3,true],[4,true],[5,true]]","non exécuté","non exécuté","392","49","73","true","13553","true","false","FINAL_WINNER_SELECTION","OTHER","Present in generated D paths until final ranking; not selected in the final winner. No irreversible search loss."
"009","5","T374","TOP:200","ORACLE_INJECTED","false","true","false","true","true","P+R+Ac","P+R","[{""cycle"":1,""score"":null,""rank"":null},{""cycle"":2,""score"":null,""rank"":null},{""cycle"":3,""score"":0.6882961461779256,""rank"":1},{""cycle"":4,""score"":null,""rank"":null},{""cycle"":5,""score"":null,""rank"":null}]","[{""cycle"":1,""score"":null,""rank"":null},{""cycle"":2,""score"":null,""rank"":null},{""cycle"":3,""score"":0.6882961461779256,""rank"":1},{""cycle"":4,""score"":0.6041713374673934,""rank"":2},{""cycle"":5,""score"":0.6555123813672863,""rank"":2}]","true","1397","3269","44","true","847","[[1,null],[2,null],[3,true],[4,null],[5,null]]","[[1,null],[2,null],[3,true],[4,true],[5,true]]","non exécuté","non exécuté","395","52","63","true","10830","false","false","FINAL_WINNER_SELECTION","OTHER","Present in generated D paths until final ranking; not selected in the final winner. No irreversible search loss."
"009","6","B423","BOTTOM:249","ORACLE_INJECTED","true","true","false","true","true","Q+Ac","Q","[{""cycle"":1,""score"":null,""rank"":null},{""cycle"":2,""score"":null,""rank"":null},{""cycle"":3,""score"":null,""rank"":null},{""cycle"":4,""score"":null,""rank"":null},{""cycle"":5,""score"":null,""rank"":null}]","[{""cycle"":1,""score"":null,""rank"":null},{""cycle"":2,""score"":null,""rank"":null},{""cycle"":3,""score"":null,""rank"":null},{""cycle"":4,""score"":null,""rank"":null},{""cycle"":5,""score"":null,""rank"":null}]","true","485","3591","39","true","36","[[1,null],[2,null],[3,false],[4,null],[5,null]]","[[1,null],[2,null],[3,false],[4,false],[5,false]]","c3:6","c3:6; c4:6; c5:6","105","28","61","true","17028","true","false","FINAL_WINNER_SELECTION","OTHER","Present in generated D paths until final ranking; not selected in the final winner. No irreversible search loss."
"009","7","T449","TOP:275","ORACLE_INJECTED","true","true","false","true","true","P+R","—","[{""cycle"":1,""score"":null,""rank"":null},{""cycle"":2,""score"":null,""rank"":null},{""cycle"":3,""score"":null,""rank"":null},{""cycle"":4,""score"":0.9428194986442132,""rank"":2},{""cycle"":5,""score"":0.9236849692817112,""rank"":2}]","[{""cycle"":1,""score"":null,""rank"":null},{""cycle"":2,""score"":null,""rank"":null},{""cycle"":3,""score"":null,""rank"":null},{""cycle"":4,""score"":null,""rank"":null},{""cycle"":5,""score"":null,""rank"":null}]","true","708","149","30","false","0","[[1,null],[2,null],[3,null],[4,true],[5,true]]","[[1,null],[2,null],[3,null],[4,false],[5,false]]","non exécuté","c4:0; c5:0","0","0","30","true","8504","true","false","FINAL_WINNER_SELECTION","OTHER","Present in generated D paths until final ranking; not selected in the final winner. No irreversible search loss."
"009","8","B501","BOTTOM:327","ORACLE_INJECTED","true","true","false","true","true","Q","—","[{""cycle"":1,""score"":null,""rank"":null},{""cycle"":2,""score"":null,""rank"":null},{""cycle"":3,""score"":null,""rank"":null},{""cycle"":4,""score"":null,""rank"":null},{""cycle"":5,""score"":null,""rank"":null}]","[{""cycle"":1,""score"":null,""rank"":null},{""cycle"":2,""score"":null,""rank"":null},{""cycle"":3,""score"":null,""rank"":null},{""cycle"":4,""score"":null,""rank"":null},{""cycle"":5,""score"":null,""rank"":null}]","true","4","4","4","false","0","[[1,null],[2,null],[3,null],[4,false],[5,false]]","[[1,null],[2,null],[3,null],[4,false],[5,false]]","c4:4; c5:4","c4:0; c5:0","0","0","4","true","480","false","false","FINAL_WINNER_SELECTION","OTHER","Present in generated D paths until final ranking; not selected in the final winner. No irreversible search loss."
"009","8","B502","BOTTOM:328","ORACLE_INJECTED","false","true","false","true","true","Q","—","[{""cycle"":1,""score"":null,""rank"":null},{""cycle"":2,""score"":null,""rank"":null},{""cycle"":3,""score"":null,""rank"":null},{""cycle"":4,""score"":null,""rank"":null},{""cycle"":5,""score"":null,""rank"":null}]","[{""cycle"":1,""score"":null,""rank"":null},{""cycle"":2,""score"":null,""rank"":null},{""cycle"":3,""score"":null,""rank"":null},{""cycle"":4,""score"":null,""rank"":null},{""cycle"":5,""score"":null,""rank"":null}]","true","4","4","4","false","0","[[1,null],[2,null],[3,null],[4,false],[5,false]]","[[1,null],[2,null],[3,null],[4,false],[5,false]]","c4:4; c5:4","c4:0; c5:0","0","0","4","true","480","false","false","FINAL_WINNER_SELECTION","OTHER","Present in generated D paths until final ranking; not selected in the final winner. No irreversible search loss."
"009","9","T527","TOP:353","ORACLE_INJECTED","true","true","false","true","true","—","—","[{""cycle"":1,""score"":null,""rank"":null},{""cycle"":2,""score"":null,""rank"":null},{""cycle"":3,""score"":null,""rank"":null},{""cycle"":4,""score"":null,""rank"":null},{""cycle"":5,""score"":null,""rank"":null}]","[{""cycle"":1,""score"":null,""rank"":null},{""cycle"":2,""score"":null,""rank"":null},{""cycle"":3,""score"":null,""rank"":null},{""cycle"":4,""score"":null,""rank"":null},{""cycle"":5,""score"":null,""rank"":null}]","false","0","0","0","false","0","[[1,null],[2,null],[3,null],[4,null],[5,false]]","[[1,null],[2,null],[3,null],[4,null],[5,false]]","c5:0","c5:0","0","0","0","false","0","false","false","C_PROMOTION_C5_LAST_REPAIR_NEIGHBOR_TRIAL","ZERO_ONE_NEIGHBOR_REPAIRS","Last possible admission: invalid repair trial for B560 at slot 10 using T527 at slot 9 (trace order 8807). Subsequent B578 substitution is valid and does not search repairs; active B599 is skipped. No stored role, no A/earlier C segment, no bootstrap occurrence at this slot, no later cycle. Direct target rejection alone was NOT irreversible."
"009","9","T528","TOP:354","ORACLE_INJECTED","false","true","false","true","true","—","—","[{""cycle"":1,""score"":null,""rank"":null},{""cycle"":2,""score"":null,""rank"":null},{""cycle"":3,""score"":null,""rank"":null},{""cycle"":4,""score"":null,""rank"":null},{""cycle"":5,""score"":null,""rank"":null}]","[{""cycle"":1,""score"":null,""rank"":null},{""cycle"":2,""score"":null,""rank"":null},{""cycle"":3,""score"":null,""rank"":null},{""cycle"":4,""score"":null,""rank"":null},{""cycle"":5,""score"":null,""rank"":null}]","false","0","0","0","false","0","[[1,null],[2,null],[3,null],[4,null],[5,false]]","[[1,null],[2,null],[3,null],[4,null],[5,false]]","c5:0","c5:0","0","0","0","false","0","false","false","C_PROMOTION_C5_LAST_REPAIR_NEIGHBOR_TRIAL","ZERO_ONE_NEIGHBOR_REPAIRS","Last possible admission: invalid repair trial for B560 at slot 10 using T528 at slot 9 (trace order 8808). Subsequent B578 substitution is valid and does not search repairs; active B599 is skipped. No stored role, no A/earlier C segment, no bootstrap occurrence at this slot, no later cycle. Direct target rejection alone was NOT irreversible."
"009","10","B578","BOTTOM:404","ORACLE_INJECTED","true","true","false","true","true","P","P","[{""cycle"":1,""score"":null,""rank"":null},{""cycle"":2,""score"":null,""rank"":null},{""cycle"":3,""score"":null,""rank"":null},{""cycle"":4,""score"":null,""rank"":null},{""cycle"":5,""score"":0.5,""rank"":1}]","[{""cycle"":1,""score"":null,""rank"":null},{""cycle"":2,""score"":null,""rank"":null},{""cycle"":3,""score"":null,""rank"":null},{""cycle"":4,""score"":null,""rank"":null},{""cycle"":5,""score"":0.030864197530864224,""rank"":1}]","true","10","4","2","true","26","[[1,null],[2,null],[3,null],[4,null],[5,true]]","[[1,null],[2,null],[3,null],[4,null],[5,true]]","non exécuté","non exécuté","8","4","4","true","7792","false","false","FINAL_WINNER_SELECTION","OTHER","Present in generated D paths until final ranking; not selected in the final winner. No irreversible search loss."
"010","0","B177","BOTTOM:0","ORACLE_INJECTED","true","true","false","true","true","P+R+Ac","P+R+Ac","[{""cycle"":1,""score"":1.2175838566360182,""rank"":1},{""cycle"":2,""score"":1.217583856636018,""rank"":1},{""cycle"":3,""score"":null,""rank"":null},{""cycle"":4,""score"":null,""rank"":null},{""cycle"":5,""score"":null,""rank"":null}]","[{""cycle"":1,""score"":1.2175838566360182,""rank"":1},{""cycle"":2,""score"":null,""rank"":null},{""cycle"":3,""score"":null,""rank"":null},{""cycle"":4,""score"":null,""rank"":null}]","true","38","1606","24","true","264","[[1,true],[2,true],[3,null],[4,null],[5,null]]","[[1,true],[2,null],[3,null],[4,null]]","non exécuté","non exécuté","4438","26","43","true","4796","false","false","FINAL_WINNER_SELECTION","OTHER","Present in generated D paths until final ranking; not selected in the final winner. No irreversible search loss."
"010","0","B178","BOTTOM:1","ORACLE_INJECTED","false","true","false","true","true","R+P","R","[{""cycle"":1,""score"":1.1711241375002104,""rank"":5},{""cycle"":2,""score"":1.1711241375002106,""rank"":5},{""cycle"":3,""score"":1.0949122908971778,""rank"":1},{""cycle"":4,""score"":0.19056017070198428,""rank"":19},{""cycle"":5,""score"":-0.13418493809034304,""rank"":15}]","[{""cycle"":1,""score"":1.1711241375002104,""rank"":5},{""cycle"":2,""score"":1.0057076468956987,""rank"":4},{""cycle"":3,""score"":-0.499113409216016,""rank"":15},{""cycle"":4,""score"":0.20871145379725253,""rank"":8}]","true","24","254","49","true","21","[[1,true],[2,true],[3,true],[4,true],[5,true]]","[[1,true],[2,true],[3,true],[4,true]]","non exécuté","non exécuté","9","4","49","true","3612","false","false","FINAL_WINNER_SELECTION","OTHER","Present in generated D paths until final ranking; not selected in the final winner. No irreversible search loss."
"010","0","B179","BOTTOM:2","ORACLE_INJECTED","false","true","false","true","true","R+P","R+P","[{""cycle"":1,""score"":1.1788545826445405,""rank"":4},{""cycle"":2,""score"":1.1788545826445405,""rank"":4},{""cycle"":3,""score"":1.0923463854828674,""rank"":3},{""cycle"":4,""score"":0.23609138695181286,""rank"":18},{""cycle"":5,""score"":-0.16811370578107243,""rank"":17}]","[{""cycle"":1,""score"":1.1788545826445405,""rank"":4},{""cycle"":2,""score"":1.0239482287262343,""rank"":3},{""cycle"":3,""score"":0.03685652061611877,""rank"":10},{""cycle"":4,""score"":0.7247805308254355,""rank"":4}]","true","24","254","49","true","132","[[1,true],[2,true],[3,true],[4,true],[5,true]]","[[1,true],[2,true],[3,true],[4,true]]","non exécuté","non exécuté","569","171","211","true","6014","false","false","FINAL_WINNER_SELECTION","OTHER","Present in generated D paths until final ranking; not selected in the final winner. No irreversible search loss."
"010","0","B180","BOTTOM:3","ORACLE_INJECTED","false","true","false","true","true","P+R","P+R","[{""cycle"":1,""score"":1.1946453046390755,""rank"":2},{""cycle"":2,""score"":1.1946453046390753,""rank"":2},{""cycle"":3,""score"":1.0935913853684887,""rank"":2},{""cycle"":4,""score"":0.28371155058857556,""rank"":17},{""cycle"":5,""score"":-0.15931548954814562,""rank"":16}]","[{""cycle"":1,""score"":1.1946453046390755,""rank"":2},{""cycle"":2,""score"":1.0607294040478887,""rank"":1},{""cycle"":3,""score"":0.8972986960131879,""rank"":1},{""cycle"":4,""score"":1.5214058704639086,""rank"":1}]","true","29","294","60","true","153","[[1,true],[2,true],[3,true],[4,true],[5,true]]","[[1,true],[2,true],[3,true],[4,true]]","non exécuté","non exécuté","617","179","225","true","6309","false","false","FINAL_WINNER_SELECTION","OTHER","Present in generated D paths until final ranking; not selected in the final winner. No irreversible search loss."
"010","0","B181","BOTTOM:4","ORACLE_INJECTED","false","true","false","true","true","R","R+P","[{""cycle"":1,""score"":1.167849093257936,""rank"":6},{""cycle"":2,""score"":1.1678490932579353,""rank"":6},{""cycle"":3,""score"":1.0553833864020712,""rank"":4},{""cycle"":4,""score"":0.2932431243523357,""rank"":16},{""cycle"":5,""score"":0.09196221677406641,""rank"":13}]","[{""cycle"":1,""score"":1.167849093257936,""rank"":6},{""cycle"":2,""score"":0.9989185166524965,""rank"":5},{""cycle"":3,""score"":0.1480512798765319,""rank"":9},{""cycle"":4,""score"":0.7360079465443313,""rank"":3}]","true","15","15","3","true","58","[[1,true],[2,true],[3,true],[4,true],[5,true]]","[[1,true],[2,true],[3,true],[4,true]]","non exécuté","non exécuté","248","109","109","true","3573","false","false","FINAL_WINNER_SELECTION","OTHER","Present in generated D paths until final ranking; not selected in the final winner. No irreversible search loss."
"010","0","B182","BOTTOM:5","ORACLE_INJECTED","false","true","false","true","true","P+R","P+R","[{""cycle"":1,""score"":1.1789634518322036,""rank"":3},{""cycle"":2,""score"":1.1789634518322034,""rank"":3},{""cycle"":3,""score"":1.051658543987302,""rank"":5},{""cycle"":4,""score"":0.3358383824258948,""rank"":15},{""cycle"":5,""score"":-0.36098891754842477,""rank"":19}]","[{""cycle"":1,""score"":1.1789634518322036,""rank"":3},{""cycle"":2,""score"":1.0246774265523202,""rank"":2},{""cycle"":3,""score"":0.8382970635630398,""rank"":2},{""cycle"":4,""score"":1.3533885678883157,""rank"":2}]","true","29","294","60","true","153","[[1,true],[2,true],[3,true],[4,true],[5,true]]","[[1,true],[2,true],[3,true],[4,true]]","non exécuté","non exécuté","560","168","217","true","6236","false","false","FINAL_WINNER_SELECTION","OTHER","Present in generated D paths until final ranking; not selected in the final winner. No irreversible search loss."
"010","0","B183","BOTTOM:6","ORACLE_INJECTED","false","true","false","true","true","R","R","[{""cycle"":1,""score"":1.1556281146660992,""rank"":7},{""cycle"":2,""score"":1.1556281146660994,""rank"":7},{""cycle"":3,""score"":1.015983565494621,""rank"":6},{""cycle"":4,""score"":0.3475513974229071,""rank"":14},{""cycle"":5,""score"":0.3745180534407904,""rank"":9}]","[{""cycle"":1,""score"":1.1556281146660992,""rank"":7},{""cycle"":2,""score"":0.9706538002059839,""rank"":6},{""cycle"":3,""score"":0.22686569450613023,""rank"":6},{""cycle"":4,""score"":0.6903269405645474,""rank"":5}]","true","15","15","3","true","21","[[1,true],[2,true],[3,true],[4,true],[5,true]]","[[1,true],[2,true],[3,true],[4,true]]","non exécuté","non exécuté","9","4","4","true","1540","false","false","FINAL_WINNER_SELECTION","OTHER","Present in generated D paths until final ranking; not selected in the final winner. No irreversible search loss."
"010","0","B184","BOTTOM:7","ORACLE_INJECTED","false","true","false","true","true","R","R","[{""cycle"":1,""score"":1.1484947219470691,""rank"":8},{""cycle"":2,""score"":1.1484947219470683,""rank"":8},{""cycle"":3,""score"":0.991183068359989,""rank"":7},{""cycle"":4,""score"":0.3678977868717048,""rank"":13},{""cycle"":5,""score"":0.10599535307294666,""rank"":12}]","[{""cycle"":1,""score"":1.1484947219470691,""rank"":8},{""cycle"":2,""score"":0.9539860031241851,""rank"":7},{""cycle"":3,""score"":0.2508180732832662,""rank"":5},{""cycle"":4,""score"":0.6071676874806412,""rank"":6}]","true","15","15","3","true","21","[[1,true],[2,true],[3,true],[4,true],[5,true]]","[[1,true],[2,true],[3,true],[4,true]]","non exécuté","non exécuté","9","4","4","true","1540","false","false","FINAL_WINNER_SELECTION","OTHER","Present in generated D paths until final ranking; not selected in the final winner. No irreversible search loss."
"010","0","B185","BOTTOM:8","ORACLE_INJECTED","false","true","false","true","true","R","R","[{""cycle"":1,""score"":1.1259092266740436,""rank"":10},{""cycle"":2,""score"":1.1259092266740436,""rank"":10},{""cycle"":3,""score"":0.9482494115470609,""rank"":8},{""cycle"":4,""score"":0.3689677409255544,""rank"":12},{""cycle"":5,""score"":-0.375092251415053,""rank"":20}]","[{""cycle"":1,""score"":1.1259092266740436,""rank"":10},{""cycle"":2,""score"":0.9014656715498696,""rank"":9},{""cycle"":3,""score"":-0.2897445372196178,""rank"":12},{""cycle"":4,""score"":-0.07001419090931607,""rank"":12}]","true","15","15","3","true","21","[[1,true],[2,true],[3,true],[4,true],[5,true]]","[[1,true],[2,true],[3,true],[4,true]]","non exécuté","non exécuté","9","4","4","true","1540","false","false","FINAL_WINNER_SELECTION","OTHER","Present in generated D paths until final ranking; not selected in the final winner. No irreversible search loss."
"010","0","B186","BOTTOM:9","ORACLE_INJECTED","false","true","false","true","true","R","R","[{""cycle"":1,""score"":1.1303718004368226,""rank"":9},{""cycle"":2,""score"":1.130371800436823,""rank"":9},{""cycle"":3,""score"":0.9344213193980165,""rank"":9},{""cycle"":4,""score"":0.39995869870846196,""rank"":11},{""cycle"":5,""score"":-0.35960911743870705,""rank"":18}]","[{""cycle"":1,""score"":1.1303718004368226,""rank"":9},{""cycle"":2,""score"":0.9113710998163903,""rank"":8},{""cycle"":3,""score"":0.17531761443129948,""rank"":7},{""cycle"":4,""score"":0.2746410233951143,""rank"":7}]","true","15","15","3","true","21","[[1,true],[2,true],[3,true],[4,true],[5,true]]","[[1,true],[2,true],[3,true],[4,true]]","non exécuté","non exécuté","9","4","4","true","1540","false","false","FINAL_WINNER_SELECTION","OTHER","Present in generated D paths until final ranking; not selected in the final winner. No irreversible search loss."
"010","0","B187","BOTTOM:10","ORACLE_INJECTED","false","true","false","true","true","R","R","[{""cycle"":1,""score"":1.1229905460240466,""rank"":11},{""cycle"":2,""score"":1.1229905460240466,""rank"":11},{""cycle"":3,""score"":0.9141075690608017,""rank"":10},{""cycle"":4,""score"":0.4266494612638855,""rank"":10},{""cycle"":5,""score"":-0.02675762544889354,""rank"":14}]","[{""cycle"":1,""score"":1.1229905460240466,""rank"":11},{""cycle"":2,""score"":0.8937530967190278,""rank"":10},{""cycle"":3,""score"":0.17279092174609265,""rank"":8},{""cycle"":4,""score"":0.1997335681641063,""rank"":9}]","true","15","15","3","true","21","[[1,true],[2,true],[3,true],[4,true],[5,true]]","[[1,true],[2,true],[3,true],[4,true]]","non exécuté","non exécuté","9","4","4","true","1540","true","false","FINAL_WINNER_SELECTION","OTHER","Present in generated D paths until final ranking; not selected in the final winner. No irreversible search loss."
"010","0","B188","BOTTOM:11","ORACLE_INJECTED","false","true","false","true","true","R","R","[{""cycle"":1,""score"":1.101057288200942,""rank"":14},{""cycle"":2,""score"":1.1010572882009424,""rank"":14},{""cycle"":3,""score"":0.8713374508890658,""rank"":11},{""cycle"":4,""score"":0.4274991500628677,""rank"":9},{""cycle"":5,""score"":0.2530180390504143,""rank"":11}]","[{""cycle"":1,""score"":1.101057288200942,""rank"":14},{""cycle"":2,""score"":0.8423474122075114,""rank"":13},{""cycle"":3,""score"":-0.33550971316264216,""rank"":13},{""cycle"":4,""score"":-0.4610357863172846,""rank"":13}]","true","15","15","3","true","21","[[1,true],[2,true],[3,true],[4,true],[5,true]]","[[1,true],[2,true],[3,true],[4,true]]","non exécuté","non exécuté","9","4","4","true","1540","false","false","FINAL_WINNER_SELECTION","OTHER","Present in generated D paths until final ranking; not selected in the final winner. No irreversible search loss."
"010","0","B189","BOTTOM:12","ORACLE_INJECTED","false","true","false","true","true","R","R","[{""cycle"":1,""score"":1.093509532144377,""rank"":15},{""cycle"":2,""score"":1.0935095321443764,""rank"":15},{""cycle"":3,""score"":0.8527578601189358,""rank"":12},{""cycle"":4,""score"":0.45653212408299126,""rank"":8},{""cycle"":5,""score"":0.5249606155916474,""rank"":6}]","[{""cycle"":1,""score"":1.093509532144377,""rank"":15},{""cycle"":2,""score"":0.824068357091141,""rank"":14},{""cycle"":3,""score"":-0.3493805344548187,""rank"":14},{""cycle"":4,""score"":-0.5368297616028397,""rank"":14}]","true","15","15","3","true","21","[[1,true],[2,true],[3,true],[4,true],[5,true]]","[[1,true],[2,true],[3,true],[4,true]]","non exécuté","non exécuté","9","4","4","true","1540","false","false","FINAL_WINNER_SELECTION","OTHER","Present in generated D paths until final ranking; not selected in the final winner. No irreversible search loss."
"010","0","B190","BOTTOM:13","ORACLE_INJECTED","false","true","false","true","true","R+P","R","[{""cycle"":1,""score"":1.107574428935552,""rank"":12},{""cycle"":2,""score"":1.1075744289355514,""rank"":12},{""cycle"":3,""score"":0.849780863667242,""rank"":13},{""cycle"":4,""score"":0.49852915659692976,""rank"":7},{""cycle"":5,""score"":0.9380088725547004,""rank"":3}]","[{""cycle"":1,""score"":1.107574428935552,""rank"":12},{""cycle"":2,""score"":0.8556183699004524,""rank"":11},{""cycle"":3,""score"":0.4777524388372196,""rank"":4},{""cycle"":4,""score"":0.1665476463592046,""rank"":11}]","true","18","118","49","true","21","[[1,true],[2,true],[3,true],[4,true],[5,true]]","[[1,true],[2,true],[3,true],[4,true]]","non exécuté","non exécuté","9","4","49","true","3612","false","false","FINAL_WINNER_SELECTION","OTHER","Present in generated D paths until final ranking; not selected in the final winner. No irreversible search loss."
"010","0","B191","BOTTOM:14","ORACLE_INJECTED","false","true","false","true","true","R","R+P","[{""cycle"":1,""score"":1.103457491272286,""rank"":13},{""cycle"":2,""score"":1.103457491272285,""rank"":13},{""cycle"":3,""score"":0.8295403551590363,""rank"":14},{""cycle"":4,""score"":0.5235057908287595,""rank"":4},{""cycle"":5,""score"":0.6010079105221078,""rank"":5}]","[{""cycle"":1,""score"":1.103457491272286,""rank"":13},{""cycle"":2,""score"":0.8449612649001614,""rank"":12},{""cycle"":3,""score"":0.6211433346568376,""rank"":3},{""cycle"":4,""score"":0.19144367923781785,""rank"":10}]","true","15","15","3","true","95","[[1,true],[2,true],[3,true],[4,true],[5,true]]","[[1,true],[2,true],[3,true],[4,true]]","non exécuté","non exécuté","427","109","109","true","6442","false","false","FINAL_WINNER_SELECTION","OTHER","Present in generated D paths until final ranking; not selected in the final winner. No irreversible search loss."
"010","0","B192","BOTTOM:15","ORACLE_INJECTED","false","true","false","true","true","R","R","[{""cycle"":1,""score"":1.0576548793886238,""rank"":17},{""cycle"":2,""score"":1.057654879388624,""rank"":17},{""cycle"":3,""score"":0.7738969406713193,""rank"":15},{""cycle"":4,""score"":0.5155376899927389,""rank"":6},{""cycle"":5,""score"":0.49396806054265086,""rank"":7}]","[{""cycle"":1,""score"":1.0576548793886238,""rank"":17},{""cycle"":2,""score"":0.737743427555487,""rank"":16},{""cycle"":3,""score"":-0.8266201362333296,""rank"":16},{""cycle"":4,""score"":-1.3175283638477089,""rank"":16}]","true","15","15","3","true","21","[[1,true],[2,true],[3,true],[4,true],[5,true]]","[[1,true],[2,true],[3,true],[4,true]]","non exécuté","non exécuté","9","4","4","true","1540","false","false","FINAL_WINNER_SELECTION","OTHER","Present in generated D paths until final ranking; not selected in the final winner. No irreversible search loss."
"010","0","B193","BOTTOM:16","ORACLE_INJECTED","false","true","false","true","true","R","R","[{""cycle"":1,""score"":1.0461349918883127,""rank"":18},{""cycle"":2,""score"":1.0461349918883123,""rank"":18},{""cycle"":3,""score"":0.7386807900415399,""rank"":17},{""cycle"":4,""score"":0.5219858210587123,""rank"":5},{""cycle"":5,""score"":0.2840968314847388,""rank"":10}]","[{""cycle"":1,""score"":1.0461349918883127,""rank"":18},{""cycle"":2,""score"":0.7096442020383017,""rank"":17},{""cycle"":3,""score"":-0.9201290180136241,""rank"":17},{""cycle"":4,""score"":-1.6104127654401872,""rank"":17}]","true","15","15","3","true","21","[[1,true],[2,true],[3,true],[4,true],[5,true]]","[[1,true],[2,true],[3,true],[4,true]]","non exécuté","non exécuté","9","4","4","true","1354","false","false","FINAL_WINNER_SELECTION","OTHER","Present in generated D paths until final ranking; not selected in the final winner. No irreversible search loss."
"010","0","B194","BOTTOM:17","ORACLE_INJECTED","false","true","false","true","true","R+P","R","[{""cycle"":1,""score"":1.0634499757075757,""rank"":16},{""cycle"":2,""score"":1.063449975707575,""rank"":16},{""cycle"":3,""score"":0.7417360201430575,""rank"":16},{""cycle"":4,""score"":0.5704267686477377,""rank"":3},{""cycle"":5,""score"":0.6355677005960008,""rank"":4}]","[{""cycle"":1,""score"":1.0634499757075757,""rank"":16},{""cycle"":2,""score"":0.7480419080900138,""rank"":15},{""cycle"":3,""score"":0.023945017251211495,""rank"":11},{""cycle"":4,""score"":-0.7777175268740159,""rank"":15}]","true","21","189","49","true","21","[[1,true],[2,true],[3,true],[4,true],[5,true]]","[[1,true],[2,true],[3,true],[4,true]]","non exécuté","non exécuté","9","4","49","true","2485","false","false","FINAL_WINNER_SELECTION","OTHER","Present in generated D paths until final ranking; not selected in the final winner. No irreversible search loss."
"010","1","T221","TOP:44","ORACLE_INJECTED","true","true","false","true","true","Q+R","Q+P+R","[{""cycle"":1,""score"":null,""rank"":null},{""cycle"":2,""score"":null,""rank"":null},{""cycle"":3,""score"":-0.03903488067276871,""rank"":5},{""cycle"":4,""score"":-0.32520755823038294,""rank"":8},{""cycle"":5,""score"":0.31418636260109767,""rank"":5}]","[{""cycle"":1,""score"":null,""rank"":null},{""cycle"":2,""score"":0.12730414746543783,""rank"":3},{""cycle"":3,""score"":0.1317322458525415,""rank"":2},{""cycle"":4,""score"":0.538383844015619,""rank"":3}]","true","120","120","29","true","444","[[1,false],[2,false],[3,true],[4,true],[5,true]]","[[1,false],[2,true],[3,true],[4,true]]","c1:18; c2:18","c1:18","989","292","295","true","11251","false","false","FINAL_WINNER_SELECTION","OTHER","Present in generated D paths until final ranking; not selected in the final winner. No irreversible search loss."
"010","1","T222","TOP:45","ORACLE_INJECTED","false","true","false","true","true","Q+R+P","Q+P+R","[{""cycle"":1,""score"":null,""rank"":null},{""cycle"":2,""score"":null,""rank"":null},{""cycle"":3,""score"":0.36037047116073045,""rank"":4},{""cycle"":4,""score"":0.09866606175883161,""rank"":4},{""cycle"":5,""score"":0.7376672707156144,""rank"":2}]","[{""cycle"":1,""score"":null,""rank"":null},{""cycle"":2,""score"":0.5915898617511521,""rank"":2},{""cycle"":3,""score"":0.5915898617511519,""rank"":1},{""cycle"":4,""score"":1.0093224889220946,""rank"":1}]","true","153","275","85","true","444","[[1,false],[2,false],[3,true],[4,true],[5,true]]","[[1,false],[2,true],[3,true],[4,true]]","c1:18; c2:18","c1:18","1062","328","386","true","11627","true","false","FINAL_WINNER_SELECTION","OTHER","Present in generated D paths until final ranking; not selected in the final winner. No irreversible search loss."
"010","2","B269","BOTTOM:92","ORACLE_INJECTED","true","true","false","true","true","Q","Q+P","[{""cycle"":1,""score"":null,""rank"":null},{""cycle"":2,""score"":null,""rank"":null},{""cycle"":3,""score"":null,""rank"":null},{""cycle"":4,""score"":null,""rank"":null},{""cycle"":5,""score"":null,""rank"":null}]","[{""cycle"":1,""score"":null,""rank"":null},{""cycle"":2,""score"":0.7690579319016108,""rank"":7},{""cycle"":3,""score"":0.7293139917823522,""rank"":6},{""cycle"":4,""score"":0.7189715755821452,""rank"":2}]","true","19","19","5","true","178","[[1,false],[2,false],[3,false],[4,false],[5,false]]","[[1,false],[2,true],[3,true],[4,true]]","c1:2; c2:2; c3:5; c4:5; c5:5","c1:2","370","144","145","true","4930","false","false","FINAL_WINNER_SELECTION","OTHER","Present in generated D paths until final ranking; not selected in the final winner. No irreversible search loss."
"010","2","B270","BOTTOM:93","ORACLE_INJECTED","false","true","false","true","true","Q","Q+P","[{""cycle"":1,""score"":null,""rank"":null},{""cycle"":2,""score"":null,""rank"":null},{""cycle"":3,""score"":null,""rank"":null},{""cycle"":4,""score"":null,""rank"":null},{""cycle"":5,""score"":null,""rank"":null}]","[{""cycle"":1,""score"":null,""rank"":null},{""cycle"":2,""score"":0.7736452383441282,""rank"":6},{""cycle"":3,""score"":0.7087205698731749,""rank"":8},{""cycle"":4,""score"":0.6130418186598701,""rank"":3}]","true","19","19","5","true","178","[[1,false],[2,false],[3,false],[4,false],[5,false]]","[[1,false],[2,true],[3,true],[4,true]]","c1:2; c2:2; c3:5; c4:5; c5:5","c1:2","343","130","131","true","4709","false","false","FINAL_WINNER_SELECTION","OTHER","Present in generated D paths until final ranking; not selected in the final winner. No irreversible search loss."
"010","2","B271","BOTTOM:94","ORACLE_INJECTED","false","true","false","true","true","Q","Q+P+Ac","[{""cycle"":1,""score"":null,""rank"":null},{""cycle"":2,""score"":null,""rank"":null},{""cycle"":3,""score"":null,""rank"":null},{""cycle"":4,""score"":null,""rank"":null},{""cycle"":5,""score"":null,""rank"":null}]","[{""cycle"":1,""score"":null,""rank"":null},{""cycle"":2,""score"":0.931493166644515,""rank"":1},{""cycle"":3,""score"":null,""rank"":null},{""cycle"":4,""score"":null,""rank"":null}]","true","19","19","5","true","769","[[1,false],[2,false],[3,false],[4,false],[5,false]]","[[1,false],[2,true],[3,null],[4,null]]","c1:2; c2:2; c3:5; c4:5; c5:5","c1:2","2424","228","228","true","4415","false","false","FINAL_WINNER_SELECTION","OTHER","Present in generated D paths until final ranking; not selected in the final winner. No irreversible search loss."
"010","2","B272","BOTTOM:95","ORACLE_INJECTED","false","true","false","true","true","Q","Q+P","[{""cycle"":1,""score"":null,""rank"":null},{""cycle"":2,""score"":null,""rank"":null},{""cycle"":3,""score"":null,""rank"":null},{""cycle"":4,""score"":null,""rank"":null},{""cycle"":5,""score"":null,""rank"":null}]","[{""cycle"":1,""score"":null,""rank"":null},{""cycle"":2,""score"":0.859822143871762,""rank"":5},{""cycle"":3,""score"":0.7593639251246321,""rank"":3},{""cycle"":4,""score"":0.4324611319369356,""rank"":4}]","true","19","19","5","true","332","[[1,false],[2,false],[3,false],[4,false],[5,false]]","[[1,false],[2,true],[3,true],[4,true]]","c1:2; c2:2; c3:5; c4:5; c5:5","c1:2","737","195","196","true","6370","true","false","FINAL_WINNER_SELECTION","OTHER","Present in generated D paths until final ranking; not selected in the final winner. No irreversible search loss."
"010","2","B273","BOTTOM:96","ORACLE_INJECTED","false","true","false","true","true","Q","Q+P","[{""cycle"":1,""score"":null,""rank"":null},{""cycle"":2,""score"":null,""rank"":null},{""cycle"":3,""score"":null,""rank"":null},{""cycle"":4,""score"":null,""rank"":null},{""cycle"":5,""score"":null,""rank"":null}]","[{""cycle"":1,""score"":null,""rank"":null},{""cycle"":2,""score"":0.916681870261173,""rank"":3},{""cycle"":3,""score"":0.7892775626071723,""rank"":1},{""cycle"":4,""score"":0.3381686444393021,""rank"":5}]","true","19","19","5","true","449","[[1,false],[2,false],[3,false],[4,false],[5,false]]","[[1,false],[2,true],[3,true],[4,true]]","c1:2; c2:2; c3:5; c4:5; c5:5","c1:2","968","265","265","true","6881","false","false","FINAL_WINNER_SELECTION","OTHER","Present in generated D paths until final ranking; not selected in the final winner. No irreversible search loss."
"010","2","B274","BOTTOM:97","ORACLE_INJECTED","false","true","false","true","true","Q","Q","[{""cycle"":1,""score"":null,""rank"":null},{""cycle"":2,""score"":null,""rank"":null},{""cycle"":3,""score"":null,""rank"":null},{""cycle"":4,""score"":null,""rank"":null},{""cycle"":5,""score"":null,""rank"":null}]","[{""cycle"":1,""score"":null,""rank"":null},{""cycle"":2,""score"":0.8849857509840208,""rank"":4},{""cycle"":3,""score"":0.7336372375791623,""rank"":5},{""cycle"":4,""score"":0.1579597018600345,""rank"":6}]","true","19","19","5","true","14","[[1,false],[2,false],[3,false],[4,false],[5,false]]","[[1,false],[2,true],[3,true],[4,true]]","c1:2; c2:2; c3:5; c4:5; c5:5","c1:2","30","10","13","true","932","false","false","FINAL_WINNER_SELECTION","OTHER","Present in generated D paths until final ranking; not selected in the final winner. No irreversible search loss."
"010","2","B275","BOTTOM:98","ORACLE_INJECTED","false","true","false","true","true","Q","Q+P","[{""cycle"":1,""score"":null,""rank"":null},{""cycle"":2,""score"":null,""rank"":null},{""cycle"":3,""score"":null,""rank"":null},{""cycle"":4,""score"":null,""rank"":null},{""cycle"":5,""score"":null,""rank"":null}]","[{""cycle"":1,""score"":null,""rank"":null},{""cycle"":2,""score"":0.922120944179264,""rank"":2},{""cycle"":3,""score"":0.7436057665329607,""rank"":4},{""cycle"":4,""score"":0.03729539545643057,""rank"":7}]","true","19","19","5","true","449","[[1,false],[2,false],[3,false],[4,false],[5,false]]","[[1,false],[2,true],[3,true],[4,true]]","c1:2; c2:2; c3:5; c4:5; c5:5","c1:2","933","245","245","true","6768","false","false","FINAL_WINNER_SELECTION","OTHER","Present in generated D paths until final ranking; not selected in the final winner. No irreversible search loss."
"010","2","B276","BOTTOM:99","ORACLE_INJECTED","false","true","false","true","true","Q","Q+Ac","[{""cycle"":1,""score"":null,""rank"":null},{""cycle"":2,""score"":null,""rank"":null},{""cycle"":3,""score"":null,""rank"":null},{""cycle"":4,""score"":null,""rank"":null},{""cycle"":5,""score"":null,""rank"":null}]","[{""cycle"":1,""score"":null,""rank"":null},{""cycle"":2,""score"":null,""rank"":null},{""cycle"":3,""score"":0.717339209459598,""rank"":7},{""cycle"":4,""score"":-0.12224479345019945,""rank"":8}]","true","19","19","5","true","131","[[1,false],[2,false],[3,false],[4,false],[5,false]]","[[1,false],[2,null],[3,true],[4,true]]","c1:2; c2:2; c3:5; c4:5; c5:5","c1:2","269","57","60","true","1151","false","false","FINAL_WINNER_SELECTION","OTHER","Present in generated D paths until final ranking; not selected in the final winner. No irreversible search loss."
"010","3","T301","TOP:124","ORACLE_INJECTED","true","true","false","true","true","—","P+R+Ac","[{""cycle"":1,""score"":null,""rank"":null},{""cycle"":2,""score"":null,""rank"":null},{""cycle"":3,""score"":null,""rank"":null},{""cycle"":4,""score"":null,""rank"":null},{""cycle"":5,""score"":null,""rank"":null}]","[{""cycle"":1,""score"":null,""rank"":null},{""cycle"":2,""score"":0.7623400365630716,""rank"":2},{""cycle"":3,""score"":null,""rank"":null},{""cycle"":4,""score"":null,""rank"":null}]","false","0","0","0","true","3359","[[1,null],[2,false],[3,false],[4,false],[5,false]]","[[1,null],[2,true],[3,null],[4,null]]","c2:0; c3:0; c4:0; c5:0","non exécuté","3043","203","203","true","5473","true","false","FINAL_WINNER_SELECTION","OTHER","Present in generated D paths until final ranking; not selected in the final winner. No irreversible search loss."
"010","4","B348","BOTTOM:171","ORACLE_INJECTED","true","true","false","true","true","—","Q+P","[{""cycle"":1,""score"":null,""rank"":null},{""cycle"":2,""score"":null,""rank"":null},{""cycle"":3,""score"":null,""rank"":null},{""cycle"":4,""score"":null,""rank"":null},{""cycle"":5,""score"":null,""rank"":null}]","[{""cycle"":1,""score"":null,""rank"":null},{""cycle"":2,""score"":null,""rank"":null},{""cycle"":3,""score"":0.7730001338148798,""rank"":2},{""cycle"":4,""score"":1.3339414110742147,""rank"":2}]","false","0","0","0","true","923","[[1,null],[2,false],[3,false],[4,false],[5,false]]","[[1,null],[2,false],[3,true],[4,true]]","c2:0; c3:0; c4:0; c5:0","c2:4","523","158","158","true","5567","false","false","FINAL_WINNER_SELECTION","OTHER","Present in generated D paths until final ranking; not selected in the final winner. No irreversible search loss."
"010","4","B349","BOTTOM:172","ORACLE_INJECTED","false","true","false","true","true","—","Q+P","[{""cycle"":1,""score"":null,""rank"":null},{""cycle"":2,""score"":null,""rank"":null},{""cycle"":3,""score"":null,""rank"":null},{""cycle"":4,""score"":null,""rank"":null},{""cycle"":5,""score"":null,""rank"":null}]","[{""cycle"":1,""score"":null,""rank"":null},{""cycle"":2,""score"":null,""rank"":null},{""cycle"":3,""score"":0.7953501193883865,""rank"":1},{""cycle"":4,""score"":1.43047858022346,""rank"":1}]","false","0","0","0","true","928","[[1,null],[2,false],[3,false],[4,false],[5,false]]","[[1,null],[2,false],[3,true],[4,true]]","c2:0; c3:0; c4:0; c5:0","c2:5","641","199","199","true","7645","true","false","FINAL_WINNER_SELECTION","OTHER","Present in generated D paths until final ranking; not selected in the final winner. No irreversible search loss."
"010","4","B350","BOTTOM:173","ORACLE_INJECTED","false","true","false","true","true","—","Q+Ac","[{""cycle"":1,""score"":null,""rank"":null},{""cycle"":2,""score"":null,""rank"":null},{""cycle"":3,""score"":null,""rank"":null},{""cycle"":4,""score"":null,""rank"":null},{""cycle"":5,""score"":null,""rank"":null}]","[{""cycle"":1,""score"":null,""rank"":null},{""cycle"":2,""score"":null,""rank"":null},{""cycle"":3,""score"":null,""rank"":null},{""cycle"":4,""score"":null,""rank"":null}]","false","0","0","0","true","928","[[1,null],[2,false],[3,false],[4,false],[5,false]]","[[1,null],[2,false],[3,null],[4,null]]","c2:0; c3:0; c4:0; c5:0","c2:5","4108","93","93","true","5957","false","false","FINAL_WINNER_SELECTION","OTHER","Present in generated D paths until final ranking; not selected in the final winner. No irreversible search loss."
"010","5","T377","TOP:200","ORACLE_INJECTED","true","true","false","true","true","—","P+R","[{""cycle"":1,""score"":null,""rank"":null},{""cycle"":2,""score"":null,""rank"":null},{""cycle"":3,""score"":null,""rank"":null},{""cycle"":4,""score"":null,""rank"":null},{""cycle"":5,""score"":null,""rank"":null}]","[{""cycle"":1,""score"":null,""rank"":null},{""cycle"":2,""score"":null,""rank"":null},{""cycle"":3,""score"":0.8795362805512614,""rank"":1},{""cycle"":4,""score"":1.3929847072680126,""rank"":1}]","false","0","0","0","true","567","[[1,null],[2,null],[3,false],[4,false],[5,false]]","[[1,null],[2,null],[3,true],[4,true]]","c3:0; c4:0; c5:0","non exécuté","214","86","86","true","4028","true","false","FINAL_WINNER_SELECTION","OTHER","Present in generated D paths until final ranking; not selected in the final winner. No irreversible search loss."
"010","6","B418","BOTTOM:241","ORACLE_INJECTED","true","true","false","true","true","—","Q","[{""cycle"":1,""score"":null,""rank"":null},{""cycle"":2,""score"":null,""rank"":null},{""cycle"":3,""score"":null,""rank"":null},{""cycle"":4,""score"":null,""rank"":null},{""cycle"":5,""score"":null,""rank"":null}]","[{""cycle"":1,""score"":null,""rank"":null},{""cycle"":2,""score"":null,""rank"":null},{""cycle"":3,""score"":null,""rank"":null},{""cycle"":4,""score"":null,""rank"":null}]","false","0","0","0","true","12","[[1,null],[2,null],[3,false],[4,false],[5,false]]","[[1,null],[2,null],[3,false],[4,false]]","c3:0; c4:0; c5:0","c3:4; c4:4","52","12","12","true","240","false","false","FINAL_WINNER_SELECTION","OTHER","Present in generated D paths until final ranking; not selected in the final winner. No irreversible search loss."
"010","6","B419","BOTTOM:242","ORACLE_INJECTED","false","true","false","true","true","—","Q","[{""cycle"":1,""score"":null,""rank"":null},{""cycle"":2,""score"":null,""rank"":null},{""cycle"":3,""score"":null,""rank"":null},{""cycle"":4,""score"":null,""rank"":null},{""cycle"":5,""score"":null,""rank"":null}]","[{""cycle"":1,""score"":null,""rank"":null},{""cycle"":2,""score"":null,""rank"":null},{""cycle"":3,""score"":null,""rank"":null},{""cycle"":4,""score"":null,""rank"":null}]","false","0","0","0","true","12","[[1,null],[2,null],[3,false],[4,false],[5,false]]","[[1,null],[2,null],[3,false],[4,false]]","c3:0; c4:0; c5:0","c3:4; c4:4","52","12","12","true","240","false","false","FINAL_WINNER_SELECTION","OTHER","Present in generated D paths until final ranking; not selected in the final winner. No irreversible search loss."
"010","7","T445","TOP:268","ORACLE_INJECTED","true","true","false","true","true","R","—","[{""cycle"":1,""score"":null,""rank"":null},{""cycle"":2,""score"":null,""rank"":null},{""cycle"":3,""score"":null,""rank"":null},{""cycle"":4,""score"":-1.5538505962168876,""rank"":5},{""cycle"":5,""score"":-1.5423855296785556,""rank"":5}]","[{""cycle"":1,""score"":null,""rank"":null},{""cycle"":2,""score"":null,""rank"":null},{""cycle"":3,""score"":null,""rank"":null},{""cycle"":4,""score"":null,""rank"":null}]","true","14","14","7","false","0","[[1,null],[2,null],[3,null],[4,true],[5,true]]","[[1,null],[2,null],[3,null],[4,false]]","non exécuté","c4:0","0","0","7","true","0","false","false","D_GUARD","D_GUARD","At D guard, an actual queued state has a legal, compatible, structurally valid one-step continuation introducing this candidate with a new path signature. See continuationProof. It is never inserted because exploration stops."
"010","7","T446","TOP:269","ORACLE_INJECTED","false","true","false","true","true","P+R","—","[{""cycle"":1,""score"":null,""rank"":null},{""cycle"":2,""score"":null,""rank"":null},{""cycle"":3,""score"":null,""rank"":null},{""cycle"":4,""score"":0.02339568925837643,""rank"":3},{""cycle"":5,""score"":0.040239053190678775,""rank"":3}]","[{""cycle"":1,""score"":null,""rank"":null},{""cycle"":2,""score"":null,""rank"":null},{""cycle"":3,""score"":null,""rank"":null},{""cycle"":4,""score"":null,""rank"":null}]","true","216","38","9","false","0","[[1,null],[2,null],[3,null],[4,true],[5,true]]","[[1,null],[2,null],[3,null],[4,false]]","non exécuté","c4:0","0","0","9","true","0","false","false","D_GUARD","D_GUARD","At D guard, an actual queued state has a legal, compatible, structurally valid one-step continuation introducing this candidate with a new path signature. See continuationProof. It is never inserted because exploration stops."
"010","8","B487","BOTTOM:310","ORACLE_INJECTED","true","true","false","true","true","Q","—","[{""cycle"":1,""score"":null,""rank"":null},{""cycle"":2,""score"":null,""rank"":null},{""cycle"":3,""score"":null,""rank"":null},{""cycle"":4,""score"":null,""rank"":null},{""cycle"":5,""score"":null,""rank"":null}]","[{""cycle"":1,""score"":null,""rank"":null},{""cycle"":2,""score"":null,""rank"":null},{""cycle"":3,""score"":null,""rank"":null},{""cycle"":4,""score"":null,""rank"":null}]","true","10","10","5","false","0","[[1,null],[2,null],[3,null],[4,false],[5,false]]","[[1,null],[2,null],[3,null],[4,false]]","c4:5; c5:5","c4:0","0","0","5","true","0","false","false","D_GUARD","D_GUARD","At D guard, an actual queued state has a legal, compatible, structurally valid one-step continuation introducing this candidate with a new path signature. See continuationProof. It is never inserted because exploration stops."
"010","8","B488","BOTTOM:311","ORACLE_INJECTED","false","true","false","true","true","Q","—","[{""cycle"":1,""score"":null,""rank"":null},{""cycle"":2,""score"":null,""rank"":null},{""cycle"":3,""score"":null,""rank"":null},{""cycle"":4,""score"":null,""rank"":null},{""cycle"":5,""score"":null,""rank"":null}]","[{""cycle"":1,""score"":null,""rank"":null},{""cycle"":2,""score"":null,""rank"":null},{""cycle"":3,""score"":null,""rank"":null},{""cycle"":4,""score"":null,""rank"":null}]","true","10","10","5","false","0","[[1,null],[2,null],[3,null],[4,false],[5,false]]","[[1,null],[2,null],[3,null],[4,false]]","c4:5; c5:5","c4:0","0","0","5","true","0","false","false","D_GUARD","D_GUARD","At D guard, an actual queued state has a legal, compatible, structurally valid one-step continuation introducing this candidate with a new path signature. See continuationProof. It is never inserted because exploration stops."
"010","8","B489","BOTTOM:312","ORACLE_INJECTED","false","true","false","true","true","Q","—","[{""cycle"":1,""score"":null,""rank"":null},{""cycle"":2,""score"":null,""rank"":null},{""cycle"":3,""score"":null,""rank"":null},{""cycle"":4,""score"":null,""rank"":null},{""cycle"":5,""score"":null,""rank"":null}]","[{""cycle"":1,""score"":null,""rank"":null},{""cycle"":2,""score"":null,""rank"":null},{""cycle"":3,""score"":null,""rank"":null},{""cycle"":4,""score"":null,""rank"":null}]","true","10","10","5","false","0","[[1,null],[2,null],[3,null],[4,false],[5,false]]","[[1,null],[2,null],[3,null],[4,false]]","c4:5; c5:5","c4:0","0","0","5","true","0","false","false","D_GUARD","D_GUARD","At D guard, an actual queued state has a legal, compatible, structurally valid one-step continuation introducing this candidate with a new path signature. See continuationProof. It is never inserted because exploration stops."
"010","8","B490","BOTTOM:313","ORACLE_INJECTED","false","true","false","true","true","Q","Q","[{""cycle"":1,""score"":null,""rank"":null},{""cycle"":2,""score"":null,""rank"":null},{""cycle"":3,""score"":null,""rank"":null},{""cycle"":4,""score"":null,""rank"":null},{""cycle"":5,""score"":null,""rank"":null}]","[{""cycle"":1,""score"":null,""rank"":null},{""cycle"":2,""score"":null,""rank"":null},{""cycle"":3,""score"":null,""rank"":null},{""cycle"":4,""score"":null,""rank"":null}]","true","10","10","5","true","3","[[1,null],[2,null],[3,null],[4,false],[5,false]]","[[1,null],[2,null],[3,null],[4,false]]","c4:5; c5:5","c4:3","12","12","14","true","2826","false","false","FINAL_WINNER_SELECTION","OTHER","Present in generated D paths until final ranking; not selected in the final winner. No irreversible search loss."
"010","8","B491","BOTTOM:314","ORACLE_INJECTED","false","true","false","true","true","Q","Q","[{""cycle"":1,""score"":null,""rank"":null},{""cycle"":2,""score"":null,""rank"":null},{""cycle"":3,""score"":null,""rank"":null},{""cycle"":4,""score"":null,""rank"":null},{""cycle"":5,""score"":null,""rank"":null}]","[{""cycle"":1,""score"":null,""rank"":null},{""cycle"":2,""score"":null,""rank"":null},{""cycle"":3,""score"":null,""rank"":null},{""cycle"":4,""score"":null,""rank"":null}]","true","10","10","5","true","3","[[1,null],[2,null],[3,null],[4,false],[5,false]]","[[1,null],[2,null],[3,null],[4,false]]","c4:5; c5:5","c4:3","12","12","14","true","2826","false","false","FINAL_WINNER_SELECTION","OTHER","Present in generated D paths until final ranking; not selected in the final winner. No irreversible search loss."
"010","8","B492","BOTTOM:315","ORACLE_INJECTED","false","true","false","true","true","Q","Q","[{""cycle"":1,""score"":null,""rank"":null},{""cycle"":2,""score"":null,""rank"":null},{""cycle"":3,""score"":null,""rank"":null},{""cycle"":4,""score"":null,""rank"":null},{""cycle"":5,""score"":null,""rank"":null}]","[{""cycle"":1,""score"":null,""rank"":null},{""cycle"":2,""score"":null,""rank"":null},{""cycle"":3,""score"":null,""rank"":null},{""cycle"":4,""score"":null,""rank"":null}]","true","10","10","5","true","3","[[1,null],[2,null],[3,null],[4,false],[5,false]]","[[1,null],[2,null],[3,null],[4,false]]","c4:5; c5:5","c4:3","12","12","14","true","2826","false","false","FINAL_WINNER_SELECTION","OTHER","Present in generated D paths until final ranking; not selected in the final winner. No irreversible search loss."
"010","8","B493","BOTTOM:316","ORACLE_INJECTED","false","true","false","true","true","Q","Q","[{""cycle"":1,""score"":null,""rank"":null},{""cycle"":2,""score"":null,""rank"":null},{""cycle"":3,""score"":null,""rank"":null},{""cycle"":4,""score"":null,""rank"":null},{""cycle"":5,""score"":null,""rank"":null}]","[{""cycle"":1,""score"":null,""rank"":null},{""cycle"":2,""score"":null,""rank"":null},{""cycle"":3,""score"":null,""rank"":null},{""cycle"":4,""score"":null,""rank"":null}]","true","10","10","5","true","3","[[1,null],[2,null],[3,null],[4,false],[5,false]]","[[1,null],[2,null],[3,null],[4,false]]","c4:5; c5:5","c4:3","12","12","14","true","2826","false","false","FINAL_WINNER_SELECTION","OTHER","Present in generated D paths until final ranking; not selected in the final winner. No irreversible search loss."
"010","9","T517","TOP:340","ORACLE_INJECTED","true","true","false","true","false","—","—","[{""cycle"":1,""score"":null,""rank"":null},{""cycle"":2,""score"":null,""rank"":null},{""cycle"":3,""score"":null,""rank"":null},{""cycle"":4,""score"":null,""rank"":null},{""cycle"":5,""score"":null,""rank"":null}]","[{""cycle"":1,""score"":null,""rank"":null},{""cycle"":2,""score"":null,""rank"":null},{""cycle"":3,""score"":null,""rank"":null},{""cycle"":4,""score"":null,""rank"":null}]","false","0","0","0","false","0","[[1,null],[2,null],[3,null],[4,null],[5,false]]","[[1,null],[2,null],[3,null],[4,null]]","c5:0","non exécuté","0","0","0","false","0","false","false","C_RECONSTRUCTION_C4_MAX_SEGMENTS","MAX_SEGMENTS","A exported no matching segment; candidate absent from bootstrap; C guard prevents remaining cycles. Remaining progressive block is restricted to current prefix and cannot assign this position."
"010","10","B563","BOTTOM:386","ORACLE_INJECTED","true","true","false","true","false","—","—","[{""cycle"":1,""score"":null,""rank"":null},{""cycle"":2,""score"":null,""rank"":null},{""cycle"":3,""score"":null,""rank"":null},{""cycle"":4,""score"":null,""rank"":null},{""cycle"":5,""score"":null,""rank"":null}]","[{""cycle"":1,""score"":null,""rank"":null},{""cycle"":2,""score"":null,""rank"":null},{""cycle"":3,""score"":null,""rank"":null},{""cycle"":4,""score"":null,""rank"":null}]","false","0","0","0","false","0","[[1,null],[2,null],[3,null],[4,null],[5,false]]","[[1,null],[2,null],[3,null],[4,null]]","c5:0","non exécuté","0","0","0","false","0","false","false","C_RECONSTRUCTION_C4_MAX_SEGMENTS","MAX_SEGMENTS","A exported no matching segment; candidate absent from bootstrap; C guard prevents remaining cycles. Remaining progressive block is restricted to current prefix and cannot assign this position."
