"dataset","candidate","originalIndex","source","inCalibrationRAW","inNaturalPool","inOracleOptions","inAugmentedPool"
"007","BOTTOM:169","169","BOTH","true","true","true","true"
"007","TOP:170","170","NATURAL_POOL","true","true","false","true"
"007","TOP:179","179","NATURAL_POOL","true","true","false","true"
"007","TOP:195","195","NATURAL_POOL","true","true","false","true"
"007","TOP:199","199","ORACLE_INJECTED","false","false","true","true"
"007","BOTTOM:210","210","NATURAL_POOL","true","true","false","true"
"007","TOP:222","222","NATURAL_POOL","true","true","false","true"
"007","BOTTOM:228","228","NATURAL_POOL","true","true","false","true"
"007","TOP:236","236","NATURAL_POOL","true","true","false","true"
"007","BOTTOM:243","243","NATURAL_POOL","true","true","false","true"
"007","BOTTOM:260","260","NATURAL_POOL","true","true","false","true"
"007","BOTTOM:262","262","ORACLE_INJECTED","false","false","true","true"
"007","TOP:265","265","NATURAL_POOL","true","true","false","true"
"007","TOP:291","291","BOTH","true","true","true","true"
"007","BOTTOM:299","299","NATURAL_POOL","true","true","false","true"
"007","TOP:317","317","NATURAL_POOL","true","true","false","true"
"007","BOTTOM:321","321","NATURAL_POOL","true","true","false","true"
"007","TOP:333","333","NATURAL_POOL","true","true","false","true"
"007","TOP:345","345","NATURAL_POOL","true","true","false","true"
"007","BOTTOM:346","346","NATURAL_POOL","true","true","false","true"
"007","BOTTOM:353","353","ORACLE_INJECTED","false","false","true","true"
"007","TOP:365","365","NATURAL_POOL","true","true","false","true"
"007","TOP:379","379","NATURAL_POOL","true","true","false","true"
"007","TOP:383","383","ORACLE_INJECTED","false","false","true","true"
"007","BOTTOM:391","391","NATURAL_POOL","true","true","false","true"
"007","BOTTOM:405","405","NATURAL_POOL","true","true","false","true"
"007","TOP:411","411","NATURAL_POOL","true","true","false","true"
"007","TOP:421","421","NATURAL_POOL","true","true","false","true"
"007","BOTTOM:426","426","NATURAL_POOL","true","true","false","true"
"007","TOP:436","436","NATURAL_POOL","true","true","false","true"
"007","BOTTOM:438","438","NATURAL_POOL","true","true","false","true"
"007","BOTTOM:445","445","ORACLE_INJECTED","false","false","true","true"
"007","BOTTOM:450","450","NATURAL_POOL","true","true","false","true"
"007","TOP:467","467","NATURAL_POOL","true","true","false","true"
"007","TOP:474","474","ORACLE_INJECTED","false","false","true","true"
"007","BOTTOM:480","480","NATURAL_POOL","true","true","false","true"
"007","BOTTOM:500","500","NATURAL_POOL","true","true","false","true"
"007","TOP:509","509","NATURAL_POOL","true","true","false","true"
"007","BOTTOM:511","511","NATURAL_POOL","true","true","false","true"
"007","TOP:524","524","NATURAL_POOL","true","true","false","true"
"007","BOTTOM:529","529","ORACLE_INJECTED","false","false","true","true"
"007","BOTTOM:530","530","NATURAL_POOL","true","true","false","true"
"007","TOP:535","535","NATURAL_POOL","true","true","false","true"
"007","TOP:555","555","NATURAL_POOL","true","true","false","true"
"007","TOP:558","558","ORACLE_INJECTED","false","false","true","true"
"007","BOTTOM:564","564","NATURAL_POOL","true","true","false","true"
"007","TOP:583","583","NATURAL_POOL","true","true","false","true"
"007","BOTTOM:585","585","NATURAL_POOL","true","true","false","true"
"007","TOP:594","594","NATURAL_POOL","true","true","false","true"
"007","BOTTOM:595","595","NATURAL_POOL","true","true","false","true"
"007","TOP:605","605","NATURAL_POOL","true","true","false","true"
"007","BOTTOM:609","609","NATURAL_POOL","true","true","false","true"
"007","BOTTOM:611","611","ORACLE_INJECTED","false","false","true","true"
"007","TOP:640","640","NATURAL_POOL","true","true","false","true"
"007","BOTTOM:641","641","NATURAL_POOL","true","true","false","true"
"009","BOTTOM:16","190","ORACLE_INJECTED","false","false","true","true"
"009","BOTTOM:17","191","ORACLE_INJECTED","false","false","true","true"
"009","BOTTOM:25","199","NATURAL_POOL","true","true","false","true"
"009","TOP:29","203","NATURAL_POOL","true","true","false","true"
"009","TOP:38","212","NATURAL_POOL","true","true","false","true"
"009","TOP:44","218","ORACLE_INJECTED","false","false","true","true"
"009","TOP:45","219","ORACLE_INJECTED","false","false","true","true"
"009","BOTTOM:57","231","NATURAL_POOL","true","true","false","true"
"009","TOP:60","234","NATURAL_POOL","true","true","false","true"
"009","BOTTOM:75","249","NATURAL_POOL","true","true","false","true"
"009","TOP:79","253","NATURAL_POOL","true","true","false","true"
"009","BOTTOM:96","270","ORACLE_INJECTED","false","false","true","true"
"009","BOTTOM:97","271","ORACLE_INJECTED","false","false","true","true"
"009","BOTTOM:98","272","ORACLE_INJECTED","false","false","true","true"
"009","TOP:103","277","ORACLE_INJECTED","false","false","true","true"
"009","TOP:104","278","ORACLE_INJECTED","false","false","true","true"
"009","TOP:112","286","NATURAL_POOL","true","true","false","true"
"009","BOTTOM:117","291","NATURAL_POOL","true","true","false","true"
"009","BOTTOM:128","302","NATURAL_POOL","true","true","false","true"
"009","BOTTOM:137","311","NATURAL_POOL","true","true","false","true"
"009","TOP:144","318","NATURAL_POOL","true","true","false","true"
"009","BOTTOM:157","331","NATURAL_POOL","true","true","false","true"
"009","TOP:166","340","NATURAL_POOL","true","true","false","true"
"009","BOTTOM:174","348","ORACLE_INJECTED","false","false","true","true"
"009","TOP:186","360","NATURAL_POOL","true","true","false","true"
"009","BOTTOM:191","365","NATURAL_POOL","true","true","false","true"
"009","TOP:199","373","ORACLE_INJECTED","false","false","true","true"
"009","TOP:200","374","ORACLE_INJECTED","false","false","true","true"
"009","TOP:207","381","NATURAL_POOL","true","true","false","true"
"009","BOTTOM:210","384","NATURAL_POOL","true","true","false","true"
"009","TOP:216","390","NATURAL_POOL","true","true","false","true"
"009","TOP:239","413","NATURAL_POOL","true","true","false","true"
"009","BOTTOM:249","423","ORACLE_INJECTED","false","false","true","true"
"009","TOP:257","431","NATURAL_POOL","true","true","false","true"
"009","BOTTOM:262","436","NATURAL_POOL","true","true","false","true"
"009","TOP:275","449","ORACLE_INJECTED","false","false","true","true"
"009","BOTTOM:287","461","NATURAL_POOL","true","true","false","true"
"009","TOP:289","463","NATURAL_POOL","true","true","false","true"
"009","BOTTOM:302","476","NATURAL_POOL","true","true","false","true"
"009","TOP:303","477","NATURAL_POOL","true","true","false","true"
"009","BOTTOM:327","501","ORACLE_INJECTED","false","false","true","true"
"009","BOTTOM:328","502","ORACLE_INJECTED","false","false","true","true"
"009","TOP:333","507","NATURAL_POOL","true","true","false","true"
"009","TOP:353","527","ORACLE_INJECTED","false","false","true","true"
"009","TOP:354","528","ORACLE_INJECTED","false","false","true","true"
"009","BOTTOM:358","532","NATURAL_POOL","true","true","false","true"
"009","TOP:360","534","NATURAL_POOL","true","true","false","true"
"009","BOTTOM:371","545","NATURAL_POOL","true","true","false","true"
"009","TOP:380","554","NATURAL_POOL","true","true","false","true"
"009","BOTTOM:386","560","NATURAL_POOL","true","true","false","true"
"009","TOP:394","568","NATURAL_POOL","true","true","false","true"
"009","BOTTOM:404","578","ORACLE_INJECTED","false","false","true","true"
"009","TOP:423","597","NATURAL_POOL","true","true","false","true"
"009","BOTTOM:425","599","NATURAL_POOL","true","true","false","true"
"010","BOTTOM:0","177","ORACLE_INJECTED","false","false","true","true"
"010","BOTTOM:1","178","ORACLE_INJECTED","false","false","true","true"
"010","BOTTOM:2","179","ORACLE_INJECTED","false","false","true","true"
"010","BOTTOM:3","180","ORACLE_INJECTED","false","false","true","true"
"010","BOTTOM:4","181","ORACLE_INJECTED","false","false","true","true"
"010","BOTTOM:5","182","ORACLE_INJECTED","false","false","true","true"
"010","BOTTOM:6","183","ORACLE_INJECTED","false","false","true","true"
"010","BOTTOM:7","184","ORACLE_INJECTED","false","false","true","true"
"010","BOTTOM:8","185","ORACLE_INJECTED","false","false","true","true"
"010","BOTTOM:9","186","ORACLE_INJECTED","false","false","true","true"
"010","BOTTOM:10","187","ORACLE_INJECTED","false","false","true","true"
"010","BOTTOM:11","188","ORACLE_INJECTED","false","false","true","true"
"010","BOTTOM:12","189","ORACLE_INJECTED","false","false","true","true"
"010","BOTTOM:13","190","ORACLE_INJECTED","false","false","true","true"
"010","BOTTOM:14","191","ORACLE_INJECTED","false","false","true","true"
"010","BOTTOM:15","192","ORACLE_INJECTED","false","false","true","true"
"010","BOTTOM:16","193","ORACLE_INJECTED","false","false","true","true"
"010","BOTTOM:17","194","ORACLE_INJECTED","false","false","true","true"
"010","TOP:27","204","NATURAL_POOL","true","true","false","true"
"010","BOTTOM:40","217","NATURAL_POOL","true","true","false","true"
"010","TOP:44","221","ORACLE_INJECTED","false","false","true","true"
"010","TOP:45","222","ORACLE_INJECTED","false","false","true","true"
"010","TOP:56","233","NATURAL_POOL","true","true","false","true"
"010","BOTTOM:60","237","NATURAL_POOL","true","true","false","true"
"010","TOP:66","243","NATURAL_POOL","true","true","false","true"
"010","BOTTOM:75","252","NATURAL_POOL","true","true","false","true"
"010","BOTTOM:92","269","ORACLE_INJECTED","false","false","true","true"
"010","TOP:92","269","NATURAL_POOL","true","true","false","true"
"010","BOTTOM:93","270","ORACLE_INJECTED","false","false","true","true"
"010","BOTTOM:94","271","ORACLE_INJECTED","false","false","true","true"
"010","BOTTOM:95","272","ORACLE_INJECTED","false","false","true","true"
"010","BOTTOM:96","273","ORACLE_INJECTED","false","false","true","true"
"010","BOTTOM:97","274","ORACLE_INJECTED","false","false","true","true"
"010","BOTTOM:98","275","ORACLE_INJECTED","false","false","true","true"
"010","BOTTOM:99","276","ORACLE_INJECTED","false","false","true","true"
"010","TOP:114","291","NATURAL_POOL","true","true","false","true"
"010","BOTTOM:119","296","NATURAL_POOL","true","true","false","true"
"010","TOP:124","301","ORACLE_INJECTED","false","false","true","true"
"010","BOTTOM:133","310","NATURAL_POOL","true","true","false","true"
"010","TOP:139","316","NATURAL_POOL","true","true","false","true"
"010","TOP:148","325","NATURAL_POOL","true","true","false","true"
"010","BOTTOM:156","333","NATURAL_POOL","true","true","false","true"
"010","TOP:164","341","NATURAL_POOL","true","true","false","true"
"010","BOTTOM:171","348","ORACLE_INJECTED","false","false","true","true"
"010","BOTTOM:172","349","ORACLE_INJECTED","false","false","true","true"
"010","BOTTOM:173","350","ORACLE_INJECTED","false","false","true","true"
"010","TOP:188","365","NATURAL_POOL","true","true","false","true"
"010","BOTTOM:195","372","NATURAL_POOL","true","true","false","true"
"010","TOP:200","377","ORACLE_INJECTED","false","false","true","true"
"010","BOTTOM:208","385","NATURAL_POOL","true","true","false","true"
"010","TOP:212","389","NATURAL_POOL","true","true","false","true"
"010","BOTTOM:221","398","NATURAL_POOL","true","true","false","true"
"010","TOP:226","403","NATURAL_POOL","true","true","false","true"
"010","BOTTOM:241","418","ORACLE_INJECTED","false","false","true","true"
"010","BOTTOM:242","419","ORACLE_INJECTED","false","false","true","true"
"010","TOP:255","432","NATURAL_POOL","true","true","false","true"
"010","BOTTOM:259","436","NATURAL_POOL","true","true","false","true"
"010","TOP:265","442","NATURAL_POOL","true","true","false","true"
"010","BOTTOM:268","445","NATURAL_POOL","true","true","false","true"
"010","TOP:268","445","ORACLE_INJECTED","false","false","true","true"
"010","TOP:269","446","ORACLE_INJECTED","false","false","true","true"
"010","TOP:277","454","NATURAL_POOL","true","true","false","true"
"010","BOTTOM:285","462","NATURAL_POOL","true","true","false","true"
"010","TOP:289","466","NATURAL_POOL","true","true","false","true"
"010","TOP:302","479","NATURAL_POOL","true","true","false","true"
"010","BOTTOM:310","487","ORACLE_INJECTED","false","false","true","true"
"010","BOTTOM:311","488","ORACLE_INJECTED","false","false","true","true"
"010","BOTTOM:312","489","ORACLE_INJECTED","false","false","true","true"
"010","BOTTOM:313","490","ORACLE_INJECTED","false","false","true","true"
"010","BOTTOM:314","491","ORACLE_INJECTED","false","false","true","true"
"010","BOTTOM:315","492","ORACLE_INJECTED","false","false","true","true"
"010","BOTTOM:316","493","ORACLE_INJECTED","false","false","true","true"
"010","TOP:324","501","NATURAL_POOL","true","true","false","true"
"010","TOP:340","517","ORACLE_INJECTED","false","false","true","true"
"010","BOTTOM:344","521","NATURAL_POOL","true","true","false","true"
"010","TOP:354","531","NATURAL_POOL","true","true","false","true"
"010","BOTTOM:366","543","NATURAL_POOL","true","true","false","true"
"010","TOP:370","547","NATURAL_POOL","true","true","false","true"
"010","BOTTOM:386","563","ORACLE_INJECTED","false","false","true","true"
"010","TOP:411","588","NATURAL_POOL","true","true","false","true"
"010","BOTTOM:412","589","NATURAL_POOL","true","true","false","true"
